severity,worst_px,main_image_low,low_images,sizes,title,url,product_id,image_urls
Critical (<800px),375,No,8/9,#2 600x600; #3 848x478; #4 600x600; #5 375x500; #6 375x500; #7 375x500; #8 800x800; #9 800x800,Screw Back Princess Shape Natural Diamond Stud Earrings 4-Prong 14k White Gold,https://gemhub.in/products/3-55585e-11,9920660013304,https://cdn.shopify.com/s/files/1/0834/6075/1608/files/s-l1600_77617011-03c0-4d3c-9c7f-d560ff206927.jpg?v=1781635581 | https://cdn.shopify.com/s/files/1/0834/6075/1608/files/s-l1600.png?v=1781635582 | https://cdn.shopify.com/s/files/1/0834/6075/1608/files/s-l1600_898e6edc-71da-4733-873a-760d9065c781.jpg?v=1781635581 | https://cdn.shopify.com/s/files/1/0834/6075/1608/files/s-l1600_433962d7-1baf-4985-8893-8ca3a6a35160.jpg?v=1781635581 | https://cdn.shopify.com/s/files/1/0834/6075/1608/files/s-l1600_bd786806-ab22-4b0c-9572-e559bc7e4831.jpg?v=1781635581 | https://cdn.shopify.com/s/files/1/0834/6075/1608/files/s-l1600_b7675958-f3c9-4357-a93e-d3a90106247a.jpg?v=1781635581 | https://cdn.shopify.com/s/files/1/0834/6075/1608/files/s-l1600_9910fa04-2ba2-4a27-9acc-dc0169a84135.jpg?v=1781635581 | https://cdn.shopify.com/s/files/1/0834/6075/1608/files/s-l1600_48d2af43-0090-4fbf-afbd-d5aa181bf5a4.jpg?v=1781635581
Critical (<800px),454,No,7/9,#2 640x460; #3 640x463; #4 640x454; #5 640x460; #6 640x454; #7 640x460; #8 960x582,14k Yellow Gold Open Circle Round Natural Diamond Stud Women's Earrings,https://gemhub.in/products/3-54729e-11,9920659095800,https://cdn.shopify.com/s/files/1/0834/6075/1608/files/s-l1600_07b31fa5-a54e-48e9-ba8d-ffc36ee8010f.jpg?v=1781635568 | https://cdn.shopify.com/s/files/1/0834/6075/1608/files/s-l1600_7cc66a2d-acf7-4ad7-9314-37e20f754a1b.jpg?v=1781635568 | https://cdn.shopify.com/s/files/1/0834/6075/1608/files/s-l1600_1c8b4e64-c611-42a2-9a47-1d2066248cf6.jpg?v=1781635569 | https://cdn.shopify.com/s/files/1/0834/6075/1608/files/s-l1600_811e45b5-fc0d-4d82-b255-f70193d4fd9c.jpg?v=1781635568 | https://cdn.shopify.com/s/files/1/0834/6075/1608/files/s-l1600_633260da-6254-4a5a-85a9-69761262f0db.jpg?v=1781635568 | https://cdn.shopify.com/s/files/1/0834/6075/1608/files/s-l1600_aef8daa4-a97e-4067-9488-3f4642b24cb5.jpg?v=1781635569 | https://cdn.shopify.com/s/files/1/0834/6075/1608/files/s-l1600_8918f223-1ff5-47cf-a8f6-6b8136612b5c.jpg?v=1781635568
Critical (<800px),478,No,4/8,#2 848x478; #3 500x500; #4 500x500; #5 500x500,14k Real Gold Round Cut Natural Diamond Daily Wear Studs Women's Earrings,https://gemhub.in/products/3-55711e-11,9920659325176,https://cdn.shopify.com/s/files/1/0834/6075/1608/files/s-l1600_f9783761-702e-4041-a8f2-d25547cd9da5.png?v=1781635574 | https://cdn.shopify.com/s/files/1/0834/6075/1608/files/s-l1600_9edd144f-bb91-4781-9f71-73c73c25e10c.jpg?v=1781635574 | https://cdn.shopify.com/s/files/1/0834/6075/1608/files/s-l1600_4ad577d6-ad30-4929-b9fe-ed8d824f57b5.jpg?v=1781635574 | https://cdn.shopify.com/s/files/1/0834/6075/1608/files/s-l1600_3071fe8f-eaa3-4746-a43f-552f4b0d1e00.jpg?v=1781635574
Critical (<800px),480,No,8/9,#2 480x500; #3 480x640; #4 480x640; #5 480x640; #6 640x605; #7 480x640; #8 480x640; #9 570x640,Round Natural GH/SI Diamond Clover Stud Daily Wear Earring 14k White Gold,https://gemhub.in/products/3-58168e-11,9920659128568,https://cdn.shopify.com/s/files/1/0834/6075/1608/files/s-l1600_9e4cf267-6771-4ab6-b783-4b6183069ffc.png?v=1781635570 | https://cdn.shopify.com/s/files/1/0834/6075/1608/files/s-l1600_7b8571d1-1054-4a9f-9ffa-39e584f4c17d.jpg?v=1781635570 | https://cdn.shopify.com/s/files/1/0834/6075/1608/files/s-l1600_22e330ad-3dde-45e7-b9a0-11f4add62fb2.jpg?v=1781635570 | https://cdn.shopify.com/s/files/1/0834/6075/1608/files/s-l1600_d470f5a5-a7a2-487a-8265-1668f48bc629.jpg?v=1781635570 | https://cdn.shopify.com/s/files/1/0834/6075/1608/files/s-l1600_62838031-6325-4fbe-95c7-06676347fddc.jpg?v=1781635570 | https://cdn.shopify.com/s/files/1/0834/6075/1608/files/s-l1600_c89520f4-4d59-4271-96ec-d40ccd38a518.jpg?v=1781635570 | https://cdn.shopify.com/s/files/1/0834/6075/1608/files/s-l1600_86881e52-f618-4fa2-8baa-d3b6dde1a710.jpg?v=1781635570 | https://cdn.shopify.com/s/files/1/0834/6075/1608/files/s-l1600_f3e8db2f-624e-4025-9ec5-7424a6cd4dd9.jpg?v=1781635570
Critical (<800px),480,No,8/9,#2 480x500; #3 480x640; #4 480x640; #5 480x640; #6 640x605; #7 480x640; #8 480x640; #9 570x640,Round Natural GH/SI Diamond 0.40Ct Clover Stud Daily Wear Earring 14k White Gold,https://gemhub.in/products/3-54725e-11,9920659194104,https://cdn.shopify.com/s/files/1/0834/6075/1608/files/s-l1600_8f014b65-e087-462e-bc1c-7809057ef30d.png?v=1781635571 | https://cdn.shopify.com/s/files/1/0834/6075/1608/files/s-l1600_0a5fd1d0-2567-4c6a-b70b-5a41fdda0d5f.jpg?v=1781635571 | https://cdn.shopify.com/s/files/1/0834/6075/1608/files/s-l1600_9373b088-fab0-444b-8cde-ecbc8d3e13e1.jpg?v=1781635571 | https://cdn.shopify.com/s/files/1/0834/6075/1608/files/s-l1600_556a2842-eccf-4f60-9aac-59cf429b4ab2.jpg?v=1781635571 | https://cdn.shopify.com/s/files/1/0834/6075/1608/files/s-l1600_b9132423-830f-40b0-b18d-5316e5fce20a.jpg?v=1781635571 | https://cdn.shopify.com/s/files/1/0834/6075/1608/files/s-l1600_4c4e7c12-1de5-43fd-a582-7d58fdf4a869.jpg?v=1781635571 | https://cdn.shopify.com/s/files/1/0834/6075/1608/files/s-l1600_9f86b11f-f22d-4a9f-a25c-442bf75b2b6d.jpg?v=1781635571 | https://cdn.shopify.com/s/files/1/0834/6075/1608/files/s-l1600_a477cfdb-f68a-4ed0-b766-2ec5c1dfd1c6.jpg?v=1781635571
Critical (<800px),480,No,8/9,#2 480x500; #3 638x640; #4 480x640; #5 480x640; #6 638x640; #7 480x640; #8 480x640; #9 500x500,Round Cut Natural Diamond Flower Shape Studs Women's Earrings 14k White Gold,https://gemhub.in/products/3-57754e-11,9920659685624,https://cdn.shopify.com/s/files/1/0834/6075/1608/files/s-l1600_97104c78-51de-4d09-9e8f-9bd97ea2b04a.png?v=1781635580 | https://cdn.shopify.com/s/files/1/0834/6075/1608/files/s-l1600_2be80abe-1cb7-41b0-9f71-46a7cbb7ba5f.jpg?v=1781635580 | https://cdn.shopify.com/s/files/1/0834/6075/1608/files/s-l1600_76f29332-c2f5-4203-8376-6fd160f7926c.jpg?v=1781635580 | https://cdn.shopify.com/s/files/1/0834/6075/1608/files/s-l1600_dd33c939-bee5-42e9-8039-59b05b2a3253.jpg?v=1781635580 | https://cdn.shopify.com/s/files/1/0834/6075/1608/files/s-l1600_6d823e3c-1bac-4a73-9a3d-3df22678ca36.jpg?v=1781635580 | https://cdn.shopify.com/s/files/1/0834/6075/1608/files/s-l1600_9b362635-3942-4b8e-89ab-805f03c6a681.jpg?v=1781635580 | https://cdn.shopify.com/s/files/1/0834/6075/1608/files/s-l1600_6dd7a72f-e654-47cc-bbdd-83e08d63e5c7.jpg?v=1781635580 | https://cdn.shopify.com/s/files/1/0834/6075/1608/files/s-l1600_22f82d5b-407e-43d8-bbc0-b77f88edbba7.jpg?v=1781635580
Critical (<800px),500,No,7/9,#2 770x594; #3 674x500; #4 755x500; #5 869x524; #6 586x500; #7 962x835; #8 1049x960,Fancy Women's Proposal Gift Stud Natural Diamond Earrings 14k Gold GH/SI Round,https://gemhub.in/products/3-55607e-11,9920658604280,https://cdn.shopify.com/s/files/1/0834/6075/1608/files/s-l1600_c6a9b39b-d7de-443e-ade3-d55d281adeac.png?v=1781635560 | https://cdn.shopify.com/s/files/1/0834/6075/1608/files/s-l1600_523e2c3f-5b37-48c9-83bc-305f8722bd5f.png?v=1781635560 | https://cdn.shopify.com/s/files/1/0834/6075/1608/files/s-l1600_5cbbf30c-263c-44c4-b55e-b590003a2f62.png?v=1781635560 | https://cdn.shopify.com/s/files/1/0834/6075/1608/files/s-l1600_06c0aced-060a-4463-a589-b18563de6b58.png?v=1781635560 | https://cdn.shopify.com/s/files/1/0834/6075/1608/files/s-l1600_d2de4d5f-1d05-4697-ab66-8f8ee74405d6.png?v=1781635560 | https://cdn.shopify.com/s/files/1/0834/6075/1608/files/s-l1600_155b2650-acb7-4bd7-9529-6da12837c910.jpg?v=1781635560 | https://cdn.shopify.com/s/files/1/0834/6075/1608/files/s-l1600_e98624ad-1ab4-43a9-a7aa-568c4a308290.jpg?v=1781635560
Critical (<800px),500,No,1/7,#6 500x500,0.50Ct Natural Diamond Stud Daily Wear Earring 14K Yellow Gold Screw JK/I1-I2,https://gemhub.in/products/3-54414e-11,9920658735352,https://cdn.shopify.com/s/files/1/0834/6075/1608/files/s-l1600_ea13b5f9-f5d3-4ad8-b558-bddc304287cf.jpg?v=1781635562
Critical (<800px),500,Yes,8/8,#1 691x617; #2 500x500; #3 500x500; #4 691x617; #5 500x500; #6 500x500; #7 691x617; #8 500x500,Marquise Cut Natural GH/SI Diamond Flower Stud 4-Stone Earrings 14k White Gold,https://gemhub.in/products/3-55152e-11,9920658899192,https://cdn.shopify.com/s/files/1/0834/6075/1608/files/s-l1600_cbeb0aff-f96f-4de6-b3e7-37dc085ca0d8.jpg?v=1781635566 | https://cdn.shopify.com/s/files/1/0834/6075/1608/files/s-l1600_786438f3-a161-4ccb-b01c-1ebc9a6c6fe5.jpg?v=1781635566 | https://cdn.shopify.com/s/files/1/0834/6075/1608/files/s-l1600_8c187f0c-776b-4652-9fd6-075ad87301de.jpg?v=1781635566 | https://cdn.shopify.com/s/files/1/0834/6075/1608/files/s-l1600_b143e0d9-c113-4ce8-9f72-bafd68518de7.jpg?v=1781635566 | https://cdn.shopify.com/s/files/1/0834/6075/1608/files/s-l1600_9287cf3c-274d-47ee-9109-7fb19007de06.jpg?v=1781635566 | https://cdn.shopify.com/s/files/1/0834/6075/1608/files/s-l1600_6db895f0-7066-4a73-abab-e7b4aaec0763.jpg?v=1781635566 | https://cdn.shopify.com/s/files/1/0834/6075/1608/files/s-l1600_529ea487-c736-4710-bd9c-2dc067049f12.jpg?v=1781635566 | https://cdn.shopify.com/s/files/1/0834/6075/1608/files/s-l1600_c94610a3-a97f-4bf7-8002-deae25db7710.jpg?v=1781635566
Critical (<800px),500,No,1/9,#9 500x500,1.00Ct Round Natural GH/SI Diamond Huggie Hoop Women's Earrings 14k White Gold,https://gemhub.in/products/3-5478e-11,9920660078840,https://cdn.shopify.com/s/files/1/0834/6075/1608/files/s-l1600_f14b81cd-c6f6-48a4-bc4e-defd60579e9d.jpg?v=1781635583
Critical (<800px),500,No,8/9,#2 500x500; #3 800x800; #4 500x500; #5 500x500; #6 500x500; #7 800x800; #8 600x600; #9 960x960,Genuine Lab-Grown/CVD Diamond Tennis Wedding Bracelet 18k Rose Gold 3.25 mm,https://gemhub.in/products/3-55579e-11,9920660111608,https://cdn.shopify.com/s/files/1/0834/6075/1608/files/s-l1600_5bcc43fd-2d05-4d6f-aaaa-929adbfe48a7.jpg?v=1781635584 | https://cdn.shopify.com/s/files/1/0834/6075/1608/files/s-l1600_0852f23c-3bbe-44df-9ff2-89f4661036aa.jpg?v=1781635584 | https://cdn.shopify.com/s/files/1/0834/6075/1608/files/s-l1600_a723ffc0-f454-4582-807a-ed43589e3022.jpg?v=1781635584 | https://cdn.shopify.com/s/files/1/0834/6075/1608/files/s-l1600_83255adf-f17b-4362-9ade-bc40e22cb779.jpg?v=1781635584 | https://cdn.shopify.com/s/files/1/0834/6075/1608/files/s-l1600_62d3c650-9d96-4b17-9692-c5139d3d3329.jpg?v=1781635584 | https://cdn.shopify.com/s/files/1/0834/6075/1608/files/s-l1600_94733845-acb9-4f4e-89e2-e04ca76fca48.jpg?v=1781635584 | https://cdn.shopify.com/s/files/1/0834/6075/1608/files/s-l1600_7c062f6f-b467-4d41-89eb-765291ec05a1.jpg?v=1781635584 | https://cdn.shopify.com/s/files/1/0834/6075/1608/files/s-l1600_4fef33dc-d2e8-454c-b7c9-d8a1ef7259fa.jpg?v=1781635584
Critical (<800px),500,No,2/9,#8 500x500; #9 1521x801,Certified 3.25Ct Lab-Grown/CVD Diamond Tennis Bracelet Women&#039;s 18k White Gold,https://gemhub.in/products/3-57891e-11,9920660177144,https://cdn.shopify.com/s/files/1/0834/6075/1608/files/s-l1600.jpg?v=1781635585 | https://cdn.shopify.com/s/files/1/0834/6075/1608/files/s-l1600_554abd28-301b-48b3-8f7b-7d64c7d7b442.jpg?v=1781635585
Critical (<800px),582,No,5/9,#3 960x960; #4 959x960; #6 960x960; #7 960x582; #9 600x600,Marquise Cut Natural Certified Diamond Drop Dangel Earrings In 14k White Gold,https://gemhub.in/products/3-58265e-11,9920659554552,https://cdn.shopify.com/s/files/1/0834/6075/1608/files/s-l1600_7407f144-952b-44ca-877a-c572dae4b0d0.jpg?v=1781635578 | https://cdn.shopify.com/s/files/1/0834/6075/1608/files/s-l1600_e3469bf3-3a21-47b6-9fb8-de1ba976abbf.jpg?v=1781635578 | https://cdn.shopify.com/s/files/1/0834/6075/1608/files/s-l1600_63e699f4-015c-42d1-99e0-068386308ea2.jpg?v=1781635578 | https://cdn.shopify.com/s/files/1/0834/6075/1608/files/s-l1600_50c75658-d052-4e58-8608-474792f8c422.jpg?v=1781635578 | https://cdn.shopify.com/s/files/1/0834/6075/1608/files/s-l1600_2599d7e4-569b-4555-bf4c-23726bb65478.jpg?v=1781635578
Critical (<800px),600,No,1/8,#7 600x800,GH/SI Round Shaped Natural Diamond Stud Cluster Earrings 14K White Gold,https://gemhub.in/products/3-58313e-11,9920659390712,https://cdn.shopify.com/s/files/1/0834/6075/1608/files/s-l1600_7999702a-95f8-4b32-b769-dc61a9ee3efa.jpg?v=1781635576
Critical (<800px),769,Yes,4/4,#1 799x797; #2 840x788; #3 769x812; #4 851x806,Certified 3ct VVS2 F Moissanite Ring for Gift in Solid 18K Gold Plated,https://gemhub.in/products/certified-3ct-natural-vvs2-f-diamond-ring-for-gift-in-solid-18k-gold-plated-verm,9920601620728,https://cdn.shopify.com/s/files/1/0834/6075/1608/files/bNMg8.jpg?v=1781634467 | https://cdn.shopify.com/s/files/1/0834/6075/1608/files/bNMgR.jpg?v=1781634466 | https://cdn.shopify.com/s/files/1/0834/6075/1608/files/bNMgi_9b27a1da-5294-4b6a-bd39-1fc7a65eb0b9.jpg?v=1781634467 | https://cdn.shopify.com/s/files/1/0834/6075/1608/files/bNMgj.jpg?v=1781634467
Critical (<800px),789,No,3/5,#2 818x814; #4 820x823; #5 789x820,Certified 5.80ct VS1 White Moissanite Handmade Ring 18K Gold Plated,https://gemhub.in/products/certified-natural-aaa-5-80ct-vs1-white-diamond-handmade-ring-18k-gold-plated-ver,9920601522424,https://cdn.shopify.com/s/files/1/0834/6075/1608/files/bNMga.jpg?v=1781634464 | https://cdn.shopify.com/s/files/1/0834/6075/1608/files/bNMgZ_dc807db6-7e8b-4a97-8ba9-648429484f15.jpg?v=1781634464 | https://cdn.shopify.com/s/files/1/0834/6075/1608/files/bNMgV_279a91c0-61fe-46de-abc1-2b2e5c635fee.jpg?v=1781634464
Critical (<800px),794,No,7/9,#3 794x794; #4 794x794; #5 794x794; #6 794x794; #7 794x794; #8 794x794; #9 794x794,Certified Natural Diamond Hoop Women's Earrings For Engagement 14K Rose Gold,https://gemhub.in/products/3-58143e-11,9920659489016,https://cdn.shopify.com/s/files/1/0834/6075/1608/files/s-l1600_d028df77-5bf4-4139-840d-85bf124cf7c6.jpg?v=1781635578 | https://cdn.shopify.com/s/files/1/0834/6075/1608/files/s-l1600_5165eeeb-c275-4e79-a555-26e051097e53.jpg?v=1781635577 | https://cdn.shopify.com/s/files/1/0834/6075/1608/files/s-l1600_e74e83e4-a98b-430e-8235-65bee4ebed82.jpg?v=1781635577 | https://cdn.shopify.com/s/files/1/0834/6075/1608/files/s-l1600_61848bed-c8a9-4597-b422-5acc8e48cbad.jpg?v=1781635577 | https://cdn.shopify.com/s/files/1/0834/6075/1608/files/s-l1600_a5a6ea93-bce1-4d08-b290-e45ebbb5fc7e.jpg?v=1781635577 | https://cdn.shopify.com/s/files/1/0834/6075/1608/files/s-l1600_16fa7a41-225f-48da-8c4f-ba2078e3efe9.jpg?v=1781635577 | https://cdn.shopify.com/s/files/1/0834/6075/1608/files/s-l1600_6ad0e0c0-94e1-4bb2-8541-e89b5ff98a2f.jpg?v=1781635577
Critical (<800px),794,No,2/3,#2 794x794; #3 794x794,4.60 ct DEW Certified Cushion Cut White Moissanite Solitaire Pendant In Vermeil,https://gemhub.in/products/460-ct-certified-cushion-cut-white-moissanite-solitaire-pendant-in-vermeil,9920772702456,https://cdn.shopify.com/s/files/1/0834/6075/1608/files/bKcXR.png?v=1781637703 | https://cdn.shopify.com/s/files/1/0834/6075/1608/files/bKcX0.png?v=1781637703
Low (800-999px),800,No,7/9,#2 960x960; #3 960x960; #4 960x960; #5 960x960; #6 800x800; #8 960x960; #9 960x960,Round Cut Natural Diamond Women's 6-Prong Set Stud Earrings 14k White Gold,https://gemhub.in/products/3-58161e-11,9920658866424,https://cdn.shopify.com/s/files/1/0834/6075/1608/files/s-l1600_6457120c-fc99-4d9a-965d-99b04b65ec68.jpg?v=1781635564 | https://cdn.shopify.com/s/files/1/0834/6075/1608/files/s-l1600_804056d7-2ad2-46b3-96e0-aea063e7a680.jpg?v=1781635564 | https://cdn.shopify.com/s/files/1/0834/6075/1608/files/s-l1600_c1eaf534-855e-42f9-887b-b289657d3bb7.jpg?v=1781635564 | https://cdn.shopify.com/s/files/1/0834/6075/1608/files/s-l1600_23b99528-c077-4cdf-a1ad-0d4d12f235ea.jpg?v=1781635564 | https://cdn.shopify.com/s/files/1/0834/6075/1608/files/s-l1600_cfda8eb5-4aaa-47a5-8e51-4794264e9bb8.jpg?v=1781635564 | https://cdn.shopify.com/s/files/1/0834/6075/1608/files/s-l1600_332a3803-d96a-440d-aa07-b64a6e612a9f.jpg?v=1781635564 | https://cdn.shopify.com/s/files/1/0834/6075/1608/files/s-l1600_8501ca6e-d69e-49f8-953d-4d7c83c2bfec.jpg?v=1781635564
Low (800-999px),803,No,1/3,#2 819x803,3.5 ct DEW Certified Round Cut Moissanite Solitaire Pendant In Gold Vermeil,https://gemhub.in/products/35ct-certified-round-cut-moissanite-solitaire-pendant-in-gold-vermeil,9920775323896,https://cdn.shopify.com/s/files/1/0834/6075/1608/files/bNbpH.jpg?v=1781637719
Low (800-999px),805,No,4/5,#2 819x805; #3 824x822; #4 819x811; #5 822x815,Certified 2.20ct VS1/Round Cut/Blue Moissanite Ring in 18K Gold Plated,https://gemhub.in/products/certified-2-20ct-natural-vs1-round-cut-blue-diamond-ring-in-18k-gold-plated-verm,9920601653496,https://cdn.shopify.com/s/files/1/0834/6075/1608/files/bNMgu.jpg?v=1781634468 | https://cdn.shopify.com/s/files/1/0834/6075/1608/files/bNMgc.jpg?v=1781634468 | https://cdn.shopify.com/s/files/1/0834/6075/1608/files/bNMg4.jpg?v=1781634468 | https://cdn.shopify.com/s/files/1/0834/6075/1608/files/bNMg6.jpg?v=1781634468
Low (800-999px),810,No,4/5,#2 810x819; #3 825x816; #4 826x824; #5 821x818,Certified 10ct VS1 Round White Moissanite Ring Jewellery 18K Gold Plated,https://gemhub.in/products/certified-natural-10ct-vs1-round-white-diamond-ring-jewelry-18k-gold-plated-verm,9920601555192,https://cdn.shopify.com/s/files/1/0834/6075/1608/files/bNMgU_d311f615-d262-4aef-badf-3eeb085e5dbc.jpg?v=1781634465 | https://cdn.shopify.com/s/files/1/0834/6075/1608/files/bNMg0.jpg?v=1781634465 | https://cdn.shopify.com/s/files/1/0834/6075/1608/files/bNMgC_2b18981c-1854-4fa6-a50f-e12b80f02446.jpg?v=1781634465 | https://cdn.shopify.com/s/files/1/0834/6075/1608/files/SKL-824_4.jpg?v=1781634465
Low (800-999px),811,No,1/3,#3 811x824,7.00 ct DEW White Certified Moissanite Pendant in Gold Vermeil Holiday Gift for Her,https://gemhub.in/products/700-ct-white-certified-moissanite-pendant-in-gold-vermeil-holiday-gift-for-her,9920788234488,https://cdn.shopify.com/s/files/1/0834/6075/1608/files/bKsnv.jpg?v=1781637802
Low (800-999px),816,No,1/7,#5 816x819,3.70 ct DEW F/VS1 White Moissanite Pendant in 18K Gold Plated Vermeil – Anniversary Gift,https://gemhub.in/products/3-70-ct-f-vs1-white-diamond-pendant-in-elegant-anniversary-gift-18k-gold-plate,9920600506616,https://cdn.shopify.com/s/files/1/0834/6075/1608/files/bK3cV_a802a0c6-f68e-4c06-9fb9-24bbce7a6102.jpg?v=1781634440
Low (800-999px),816,No,1/7,#5 816x819,3.70 ct DEW Certified White Moissanite Pendant 18K Gold Plated,https://gemhub.in/products/3-70-ct-certified-white-diamond-pendant-black-friday-gift-idea-18k-gold-plated-v,9920600899832,https://cdn.shopify.com/s/files/1/0834/6075/1608/files/bKsnf_5d545ec6-5169-4b94-b58d-32c462dbf1ec.jpg?v=1781634450
Low (800-999px),817,No,2/4,#2 842x824; #4 823x817,11 ct DEW Certified White Moissanite Plus-Shape Pendant In Vermeil 925 Silver For Love,https://gemhub.in/products/11-ct-certified-white-moissanite-cross-pendant-in-vermeil-925-silver-for-love,9920771129592,https://cdn.shopify.com/s/files/1/0834/6075/1608/files/bNbp2.jpg?v=1781637692 | https://cdn.shopify.com/s/files/1/0834/6075/1608/files/bNbpM.jpg?v=1781637693
Low (800-999px),821,No,1/5,#3 821x821,12.80 ct DEW Champagne Moissanite Ring in Certified Prong Setting 18K Gold Plated Verme 18K Gold Plated,https://gemhub.in/products/12-80-ct-champagne-diamond-ring-in-certified-prong-setting-18k-gold-plated-verme,9920625901816,https://cdn.shopify.com/s/files/1/0834/6075/1608/files/bHlTW_154b299b-fdaa-4954-bd26-48f649d26dc7.jpg?v=1781634903
Low (800-999px),821,No,1/5,#5 822x821,5.00 ct DEW Champagne Moissanite Solitaire Pendant Gold Vermeil Cyber Monday Deal,https://gemhub.in/products/500-ct-champagne-moissanite-solitaire-pendant-gold-vermeil-cyber-monday-deal,9920789119224,https://cdn.shopify.com/s/files/1/0834/6075/1608/files/SKL-593_4.jpg?v=1781637807
Low (800-999px),826,No,1/5,#5 826x828,Certified 3.45 ct DEW Pear Cut Moissanite Solitaire Ring in Gift 18K Gold Plated,https://gemhub.in/products/certified-natural-3-45-ct-pear-cut-diamond-solitaire-ring-in-gift-18k-gold-plate,9920607846648,https://cdn.shopify.com/s/files/1/0834/6075/1608/files/bKIn4.jpg?v=1781634600
Low (800-999px),827,No,1/5,#3 827x827,6.75ct White Moissanite Ring VS1 Certified For Christmas 18K Gold Plated,https://gemhub.in/products/6-75ct-white-diamond-ring-natural-vs1-certified-for-christmas-18k-gold-plated-ve,9920603947256,https://cdn.shopify.com/s/files/1/0834/6075/1608/files/bKesm_775d59af-7685-420f-879d-2efc24c0a3a6.jpg?v=1781634520
Low (800-999px),827,No,3/5,#2 828x827; #3 828x829; #5 828x831,11.55 ct DEW Blue Moissanite Ring Eye-Catching Gift for Wife or Sister 18K Gold Plated 18K Gold Plated,https://gemhub.in/products/11-55-ct-blue-diamond-ring-eye-catching-gift-for-wife-or-sister-18k-gold-plated,9920612696312,https://cdn.shopify.com/s/files/1/0834/6075/1608/files/bH8ep.jpg?v=1781634724 | https://cdn.shopify.com/s/files/1/0834/6075/1608/files/bH8eL.jpg?v=1781634723 | https://cdn.shopify.com/s/files/1/0834/6075/1608/files/bH8eH.jpg?v=1781634724
Low (800-999px),827,No,3/5,#2 828x827; #3 828x829; #5 828x831,11.55 ct DEW Certified Blue Moissanite Asscher Cut Ring – Rare Christmas Gift in Silver 18K Gold Plated,https://gemhub.in/products/11-55-ct-certified-blue-diamond-asscher-cut-ring-rare-christmas-gift-in-silver,9920628162808,https://cdn.shopify.com/s/files/1/0834/6075/1608/files/bH7cz.jpg?v=1781634947 | https://cdn.shopify.com/s/files/1/0834/6075/1608/files/bH7cs_fc17d2a4-d207-48ac-9d4a-c3e3bba31e2e.jpg?v=1781634947 | https://cdn.shopify.com/s/files/1/0834/6075/1608/files/bH7cx.jpg?v=1781634947
Low (800-999px),829,No,1/5,#4 832x829,2.80 ct DEW Certified Round White Moissanite Ring – Gift for Anniversary 18K Gold Plate 18K Gold Plated,https://gemhub.in/products/2-80-ct-certified-round-white-diamond-ring-gift-for-anniversary-18k-gold-plate,9920628130040,https://cdn.shopify.com/s/files/1/0834/6075/1608/files/bH7cT.jpg?v=1781634946
Low (800-999px),830,No,1/5,#4 830x831,10.25 ct DEW Certified Blue Round Moissanite Ring – Big Christmas Gift Pick 18K Gold Plated,https://gemhub.in/products/10-25-ct-certified-blue-round-diamond-ring-big-christmas-gift-pick-18k-gold-pl,9920627933432,https://cdn.shopify.com/s/files/1/0834/6075/1608/files/bH7c7.jpg?v=1781634943
Low (800-999px),831,No,1/5,#2 832x831,4.70 ct DEW Pink Moissanite Emerald Cut Ring – Wedding Gift for Her 18K Gold Plated Ver 18K Gold Plated,https://gemhub.in/products/4-70-ct-pink-diamond-emerald-cut-ring-wedding-gift-for-her-18k-gold-plated-ver,9920628359416,https://cdn.shopify.com/s/files/1/0834/6075/1608/files/bH7Wt.jpg?v=1781634952
Low (800-999px),832,No,1/5,#3 832x832,4.15ct DEW White Moissanite Emerald Solitaire Ring,https://gemhub.in/products/415-ct-white-moissanite-emerald-solitaire-ring-925-sterling-silver-gold-vermeil,9920846725368,https://cdn.shopify.com/s/files/1/0834/6075/1608/files/SKL-116_2.jpg?v=1781638188
Low (800-999px),832,No,1/6,#2 832x832,9.8ct DEW White Moissanite Round Solitaire Ring,https://gemhub.in/products/98-ct-white-moissanite-round-solitaire-ring-925-sterling-silver-gold-vermeil,9920849150200,https://cdn.shopify.com/s/files/1/0834/6075/1608/files/SKL-88_1.jpg?v=1781638206
Low (800-999px),848,No,1/8,#2 848x1264,Genuine Purple Amethyst Stud Earrings Set 5 Pairs | 925 Sterling Silver | Gift for Her,https://gemhub.in/products/natural-amethyst-925-sterling-silver-earrings-genuine-stone-set-of-5-pairs,9920596050168,https://cdn.shopify.com/s/files/1/0834/6075/1608/files/model-natural-amethyst-925-sterling-silver-ear_99e71205-0408-49ab-9365-11c30044fd7f.jpg?v=1783177881
Low (800-999px),848,No,1/4,#2 848x1264,IGI Certified Stud Earrings in 18K Yellow Gold with Natural Diamond 0.10 Ct.,https://gemhub.in/products/igi-certified-stud-earrings-in-18k-yellow-gold-with-natural-diamond-010-ct,9920672071928,https://cdn.shopify.com/s/files/1/0834/6075/1608/files/model-igi-certified-stud-earrings-in-18k-yello.jpg?v=1783177772
Low (800-999px),848,No,1/6,#2 848x1264,3 ct DEW Certified Pink Moissanite Solitaire Studs In Gold Vermeil For Wife,https://gemhub.in/products/3ct-certified-pink-moissanite-solitaire-studs-in-gold-vermeil-for-wife,9920802095352,https://cdn.shopify.com/s/files/1/0834/6075/1608/files/model-3ct-certified-pink-moissanite-solitaire.jpg?v=1783175394
Low (800-999px),848,No,1/6,#2 848x1264,4.20ct DEW White Moissanite Round Solitaire Stud Earrings,https://gemhub.in/products/420-ct-round-cut-white-moissanite-solitaire-studs-gold-vermeil-excellent-cut-2,9920823689464,https://cdn.shopify.com/s/files/1/0834/6075/1608/files/model-420-ct-round-cut-white-moissanite-solita_be271f74-5b16-4678-afe1-6e901fbf6121.jpg?v=1783175775
Low (800-999px),848,No,26/182,#156 848x1264; #157 848x1264; #158 848x1264; #159 848x1264; #160 848x1264; #161 848x1264; #162 848x1264; #163 848x1264; #164 848x1264; #165 848x1264; #166 848x1264; #167 848x1264; #168 848x1264; #169 848x1264; #170 848x1264; #171 848x1264; #172 848x1264; #173 848x1264; #174 848x1264; #175 848x1264; #176 848x1264; #177 848x1264; #178 848x1264; #179 848x1264; #180 848x1264; #181 848x1264,"Lab Grown Diamond Initial Letter Pendant A-Z | Sterling Silver or 10K Solid Gold | Yellow, Rose or White Gold Finish",https://gemhub.in/products/lab-grown-diamond-initial-letter-pendant-a-z-sterling-silver-or-10k-solid-gold-yellow-rose-or-white-gold-finish,10206293426424,https://cdn.shopify.com/s/files/1/0834/6075/1608/files/ghmodel-a.jpg?v=1783747645 | https://cdn.shopify.com/s/files/1/0834/6075/1608/files/ghmodel-b.jpg?v=1783747649 | https://cdn.shopify.com/s/files/1/0834/6075/1608/files/ghmodel-c.jpg?v=1783747652 | https://cdn.shopify.com/s/files/1/0834/6075/1608/files/ghmodel-d.jpg?v=1783747655 | https://cdn.shopify.com/s/files/1/0834/6075/1608/files/ghmodel-e.jpg?v=1783747658 | https://cdn.shopify.com/s/files/1/0834/6075/1608/files/ghmodel-f.jpg?v=1783747661 | https://cdn.shopify.com/s/files/1/0834/6075/1608/files/ghmodel-g.jpg?v=1783747664 | https://cdn.shopify.com/s/files/1/0834/6075/1608/files/ghmodel-h.jpg?v=1783747667 | https://cdn.shopify.com/s/files/1/0834/6075/1608/files/ghmodel-i.jpg?v=1783747671 | https://cdn.shopify.com/s/files/1/0834/6075/1608/files/ghmodel-j.jpg?v=1783747674 | https://cdn.shopify.com/s/files/1/0834/6075/1608/files/ghmodel-k.jpg?v=1783747678 | https://cdn.shopify.com/s/files/1/0834/6075/1608/files/ghmodel-l.jpg?v=1783747681 | https://cdn.shopify.com/s/files/1/0834/6075/1608/files/ghmodel-m.jpg?v=1783747684 | https://cdn.shopify.com/s/files/1/0834/6075/1608/files/ghmodel-n.jpg?v=1783747687 | https://cdn.shopify.com/s/files/1/0834/6075/1608/files/ghmodel-o.jpg?v=1783747691 | https://cdn.shopify.com/s/files/1/0834/6075/1608/files/ghmodel-p.jpg?v=1783747694 | https://cdn.shopify.com/s/files/1/0834/6075/1608/files/ghmodel-q.jpg?v=1783747697 | https://cdn.shopify.com/s/files/1/0834/6075/1608/files/ghmodel-r.jpg?v=1783747700 | https://cdn.shopify.com/s/files/1/0834/6075/1608/files/ghmodel-s.jpg?v=1783747703 | https://cdn.shopify.com/s/files/1/0834/6075/1608/files/ghmodel-t.jpg?v=1783747706 | https://cdn.shopify.com/s/files/1/0834/6075/1608/files/ghmodel-u.jpg?v=1783747709 | https://cdn.shopify.com/s/files/1/0834/6075/1608/files/ghmodel-v.jpg?v=1783747712 | https://cdn.shopify.com/s/files/1/0834/6075/1608/files/ghmodel-w.jpg?v=1783747715 | https://cdn.shopify.com/s/files/1/0834/6075/1608/files/ghmodel-x.jpg?v=1783747718 | https://cdn.shopify.com/s/files/1/0834/6075/1608/files/ghmodel-y.jpg?v=1783747722 | https://cdn.shopify.com/s/files/1/0834/6075/1608/files/ghmodel-z.jpg?v=1783747725
Low (800-999px),848,No,32/188,#156 848x1264; #157 848x1264; #158 848x1264; #159 848x1264; #160 848x1264; #161 848x1264; #162 848x1264; #163 848x1264; #164 848x1264; #165 848x1264; #166 848x1264; #167 848x1264; #168 848x1264; #169 848x1264; #170 848x1264; #171 848x1264; #172 848x1264; #173 848x1264; #174 848x1264; #175 848x1264; #176 848x1264; #177 848x1264; #178 848x1264; #179 848x1264; #180 848x1264; #181 848x1264; #182 848x1264; #183 848x1264; #184 848x1264; #185 848x1264; #186 848x1264; #187 848x1264,"Natural Diamond Initial Letter Pendant A-Z | 3 Micron Gold Vermeil or 10K Solid Gold | Yellow, Rose or White Gold",https://gemhub.in/products/natural-diamond-initial-letter-pendant-a-z-3-micron-gold-vermeil-or-10k-solid-gold-yellow-rose-or-white-gold,10206293491960,https://cdn.shopify.com/s/files/1/0834/6075/1608/files/ghmodel-a_a7fd532b-9d10-4465-bb8d-8b6d404af97e.jpg?v=1783747728 | https://cdn.shopify.com/s/files/1/0834/6075/1608/files/ghmodel-b_29ab4fd4-da2c-43f2-84d6-d8d176936657.jpg?v=1783747731 | https://cdn.shopify.com/s/files/1/0834/6075/1608/files/ghmodel-c_07162204-fb7a-423c-8af0-81b6168e5564.jpg?v=1783747734 | https://cdn.shopify.com/s/files/1/0834/6075/1608/files/ghmodel-d_202da255-4ef1-4e9a-8f93-98f905310de1.jpg?v=1783747738 | https://cdn.shopify.com/s/files/1/0834/6075/1608/files/ghmodel-e_1b796b99-1752-4380-b6b0-c454502e5bdd.jpg?v=1783747741 | https://cdn.shopify.com/s/files/1/0834/6075/1608/files/ghmodel-f_bef36756-67fa-4309-88a7-2f7aa53822be.jpg?v=1783747744 | https://cdn.shopify.com/s/files/1/0834/6075/1608/files/ghmodel-g_cc28ffef-d231-4506-b4b5-7472917254b4.jpg?v=1783747747 | https://cdn.shopify.com/s/files/1/0834/6075/1608/files/ghmodel-h_e2925b7e-cc1e-48d4-ae48-a5922398fe73.jpg?v=1783747750 | https://cdn.shopify.com/s/files/1/0834/6075/1608/files/ghmodel-i_09c4e02b-b057-4dce-8ba6-f3209069dc09.jpg?v=1783747754 | https://cdn.shopify.com/s/files/1/0834/6075/1608/files/ghmodel-j_0996101e-c4b6-4a17-9f1b-f2625a5bcc62.jpg?v=1783747757 | https://cdn.shopify.com/s/files/1/0834/6075/1608/files/ghmodel-k_491686d4-bb63-41a3-8fea-976e36bed248.jpg?v=1783747759 | https://cdn.shopify.com/s/files/1/0834/6075/1608/files/ghmodel-l_1efed149-c9c6-4290-b95d-45688779575c.jpg?v=1783747814 | https://cdn.shopify.com/s/files/1/0834/6075/1608/files/ghmodel-m_3de16503-df69-4f07-bd49-8e1e1f54ff65.jpg?v=1783747818 | https://cdn.shopify.com/s/files/1/0834/6075/1608/files/ghmodel-n_d43360ca-e91e-4b9d-a420-3091d60e1026.jpg?v=1783747821 | https://cdn.shopify.com/s/files/1/0834/6075/1608/files/ghmodel-o_1b1164d6-ae88-424c-86ab-1b3599f875d4.jpg?v=1783747824 | https://cdn.shopify.com/s/files/1/0834/6075/1608/files/ghmodel-p_ee2b2d7f-ee70-4f38-8972-ade83f77a73e.jpg?v=1783747827 | https://cdn.shopify.com/s/files/1/0834/6075/1608/files/ghmodel-q_db00b5c2-75d1-4842-ad12-e6fd2ff64fed.jpg?v=1783747831 | https://cdn.shopify.com/s/files/1/0834/6075/1608/files/ghmodel-r_e8a54c50-6193-4fc7-b995-18ada54bbef8.jpg?v=1783747835 | https://cdn.shopify.com/s/files/1/0834/6075/1608/files/ghmodel-s_5af283f2-117e-48c4-97b5-6fd00ca0fc1d.jpg?v=1783747855 | https://cdn.shopify.com/s/files/1/0834/6075/1608/files/ghmodel-t_6dbf9ef7-7eaa-49ab-b090-f45e8e2f97ab.jpg?v=1783747858 | https://cdn.shopify.com/s/files/1/0834/6075/1608/files/ghmodel-u_6c782432-69cb-4fc3-808f-6cf948e7438c.jpg?v=1783747865 | https://cdn.shopify.com/s/files/1/0834/6075/1608/files/ghmodel-v_56436c84-e975-45c0-ad58-ee9c2c7e5225.jpg?v=1783747869 | https://cdn.shopify.com/s/files/1/0834/6075/1608/files/ghmodel-w_960bb9ea-8fd2-4d6e-b81f-1f560056e930.jpg?v=1783747874 | https://cdn.shopify.com/s/files/1/0834/6075/1608/files/ghmodel-x_68b05a3b-db1b-41ea-b3a4-cf48bd2df7df.jpg?v=1783747878 | https://cdn.shopify.com/s/files/1/0834/6075/1608/files/ghmodel-y_fc7f46da-d640-4c2c-8131-7c17fac15fb1.jpg?v=1783747882 | https://cdn.shopify.com/s/files/1/0834/6075/1608/files/ghmodel-z_100b7bcc-172b-48f8-8386-687f3c88a42a.jpg?v=1783747886 | https://cdn.shopify.com/s/files/1/0834/6075/1608/files/ghmodel-u_aa16b8d2-86ea-4015-acce-94db2505cad6.jpg?v=1783747888 | https://cdn.shopify.com/s/files/1/0834/6075/1608/files/ghmodel-v_d58b0df2-607a-4d5a-b2e3-5d350cf5c887.jpg?v=1783747891 | https://cdn.shopify.com/s/files/1/0834/6075/1608/files/ghmodel-w_79c838c5-499c-46f3-806f-f1da6449ede4.jpg?v=1783747894 | https://cdn.shopify.com/s/files/1/0834/6075/1608/files/ghmodel-x_2b9dfd37-07ea-45d6-b13c-6f3b86fa3a20.jpg?v=1783747897 | https://cdn.shopify.com/s/files/1/0834/6075/1608/files/ghmodel-y_1a859745-0fed-408c-830b-a8ec8d51fb2c.jpg?v=1783747900 | https://cdn.shopify.com/s/files/1/0834/6075/1608/files/ghmodel-z_e68262fa-6686-4614-8d6a-ae662fd191af.jpg?v=1783747903
Low (800-999px),865,No,1/8,#6 1026x865,"14K/18K Lab Grown Diamond Round Solitaire Ring, 4.01 Ct, VVS/E | IGI Certified",https://gemhub.in/products/14k-lab-grown-diamond-round-solitaire-ring-igi-certified-bj115,10218759749880,https://cdn.shopify.com/s/files/1/0834/6075/1608/files/BJ115_6de769f38fa8c64d8.jpg?v=1784100437
Low (800-999px),872,No,1/6,#2 872x872,5.2ct DEW Black Moissanite Round Solitaire Ring,https://gemhub.in/products/52-ct-black-moissanite-round-solitaire-ring-925-sterling-silver-gold-vermeil-2,9920850624760,https://cdn.shopify.com/s/files/1/0834/6075/1608/files/SKL-71_4.jpg?v=1781638216
Low (800-999px),896,Yes,3/4,#1 900x900; #2 896x896; #3 996x995,2.20 ct DEW Round Cut White Moissanite Solitaire in Engagement Ring 18K Gold Plated Ver 18K Gold Plated,https://gemhub.in/products/2-20-ct-round-cut-white-moissanite-solitaire-in-engagement-ring-18k-gold-plated-ver,9920633864440,https://cdn.shopify.com/s/files/1/0834/6075/1608/files/bKcY1.jpg?v=1781635069 | https://cdn.shopify.com/s/files/1/0834/6075/1608/files/bKcYA_20fc6328-323d-4d74-89e1-d6470d7b0f10.jpg?v=1781635069 | https://cdn.shopify.com/s/files/1/0834/6075/1608/files/bKcYB.jpg?v=1781635070
Low (800-999px),908,No,4/5,#2 1075x976; #3 1000x908; #4 1000x908; #5 1000x908,Textured Platinum Men's Band Ring,https://gemhub.in/products/pmr22046,9920644514040,https://cdn.shopify.com/s/files/1/0834/6075/1608/files/model-plat_1e2f76e9-6435-43e7-af5f-48d79ce7e538.jpg?v=1783187987 | https://cdn.shopify.com/s/files/1/0834/6075/1608/files/pmr22046_2_hbciuxfm8enk3jdz.jpg?v=1781635313 | https://cdn.shopify.com/s/files/1/0834/6075/1608/files/pmr22046_3_gpcs20mrsschbfc0.jpg?v=1781635313 | https://cdn.shopify.com/s/files/1/0834/6075/1608/files/pmr22046_1_st6po3rua7xtagxk.jpg?v=1781635313
Low (800-999px),908,Yes,4/4,#1 1000x908; #2 1075x976; #3 1000x908; #4 1000x908,Quality Men's Diamond Solitaire Ring,https://gemhub.in/products/ymr22002-d300pnd,9920645562616,https://cdn.shopify.com/s/files/1/0834/6075/1608/files/ymr22002_1_h13gi8sf6u47ea2r.jpg?v=1781635338 | https://cdn.shopify.com/s/files/1/0834/6075/1608/files/model-plat_0bde5398-90a5-499a-a8f6-a044f3984620.jpg?v=1783236139 | https://cdn.shopify.com/s/files/1/0834/6075/1608/files/ymr22002_2_nv4hmxzpi6q1a8vr.jpg?v=1781635338 | https://cdn.shopify.com/s/files/1/0834/6075/1608/files/ymr22002_3_x8x8f7wat4kojmhn.jpg?v=1781635338
Low (800-999px),908,Yes,4/4,#1 1000x908; #2 1075x976; #3 1000x908; #4 1000x908,Mesmerising Diamond Ring,https://gemhub.in/products/prg22060-d200pfd,9920645791992,https://cdn.shopify.com/s/files/1/0834/6075/1608/files/prg22060_1_jye2zulsubcycrab.jpg?v=1781635342 | https://cdn.shopify.com/s/files/1/0834/6075/1608/files/model-plat_0c76efe4-25bd-4aa5-a72f-0ba4709c3c56.jpg?v=1783190702 | https://cdn.shopify.com/s/files/1/0834/6075/1608/files/prg22060_2_sbyjqsgycubytg39.jpg?v=1781635342 | https://cdn.shopify.com/s/files/1/0834/6075/1608/files/prg22060_3_eywaadkktw58yh2s.jpg?v=1781635342
Low (800-999px),908,Yes,4/4,#1 1000x908; #2 1075x976; #3 1000x908; #4 1000x908,Dazzling Diamond Platinum Statement Ring,https://gemhub.in/products/prg12010,9920646545656,https://cdn.shopify.com/s/files/1/0834/6075/1608/files/prg12010_1_cohuogobcgkegsof.jpg?v=1781635359 | https://cdn.shopify.com/s/files/1/0834/6075/1608/files/model-plat_28d38c74-2d85-420c-83a5-8ef44bfb7cae.jpg?v=1783189281 | https://cdn.shopify.com/s/files/1/0834/6075/1608/files/prg12010_2_qnqvrq6dgku4gyqs.jpg?v=1781635359 | https://cdn.shopify.com/s/files/1/0834/6075/1608/files/prg12010_3_ysdqxytjfyvvuxgh.jpg?v=1781635359
Low (800-999px),908,No,4/5,#2 1075x976; #3 1000x908; #4 1000x908; #5 1000x908,Radiant Platinum Ring,https://gemhub.in/products/prg22058,9920651395320,https://cdn.shopify.com/s/files/1/0834/6075/1608/files/model-plat_364c5d51-f1b0-402e-b9b2-923779b810e0.jpg?v=1783190640 | https://cdn.shopify.com/s/files/1/0834/6075/1608/files/prg22058_2.jpg?v=1781635429 | https://cdn.shopify.com/s/files/1/0834/6075/1608/files/prg22058_3.jpg?v=1781635429 | https://cdn.shopify.com/s/files/1/0834/6075/1608/files/prg22058_1.jpg?v=1781635429
Low (800-999px),908,Yes,4/4,#1 1000x908; #2 1075x976; #3 1000x908; #4 1000x908,Appealing Diamond Ring,https://gemhub.in/products/prg22057,9920652378360,https://cdn.shopify.com/s/files/1/0834/6075/1608/files/prg22057_1_gaok5lidncqglmc2.jpg?v=1781635442 | https://cdn.shopify.com/s/files/1/0834/6075/1608/files/model-plat_8ac54040-bf8c-4f5d-832a-dac51ffa56e7.jpg?v=1783190609 | https://cdn.shopify.com/s/files/1/0834/6075/1608/files/prg22057_2_cm8wuzfal9p76xnw.jpg?v=1781635442 | https://cdn.shopify.com/s/files/1/0834/6075/1608/files/prg22057_3_kr4pneywf1jiszpz.jpg?v=1781635442
Low (800-999px),908,No,4/5,#2 1075x976; #3 1000x908; #4 1000x908; #5 1000x908,Dazzling Platinum Ring,https://gemhub.in/products/prg22061,9920652542200,https://cdn.shopify.com/s/files/1/0834/6075/1608/files/model-plat_69fc410a-1066-4d8a-8d6a-6fb8c3cf5eff.jpg?v=1783190731 | https://cdn.shopify.com/s/files/1/0834/6075/1608/files/prg22061_2_4fdeh3aqpz6xvemz.jpg?v=1781635444 | https://cdn.shopify.com/s/files/1/0834/6075/1608/files/prg22061_3_rp4ufqsze9iwyefj.jpg?v=1781635444 | https://cdn.shopify.com/s/files/1/0834/6075/1608/files/prg22061_1_xyvir5zockdsztup.jpg?v=1781635444
Low (800-999px),908,No,4/5,#2 1075x976; #3 1000x908; #4 1000x908; #5 1000x908,Stunning Ring in Platinum,https://gemhub.in/products/prg22059,9920656900344,https://cdn.shopify.com/s/files/1/0834/6075/1608/files/model-plat_a1d3ddc9-4800-413e-af98-f58ecfe66800.jpg?v=1783190670 | https://cdn.shopify.com/s/files/1/0834/6075/1608/files/prg22059_2_ypvyfjw6xnuieyge.jpg?v=1781635520 | https://cdn.shopify.com/s/files/1/0834/6075/1608/files/prg22059_3_sfnc45dlyirjcimc.jpg?v=1781635520 | https://cdn.shopify.com/s/files/1/0834/6075/1608/files/prg22059_1_1sp8ack27al9yixm.jpg?v=1781635520
Low (800-999px),926,Yes,1/7,#1 926x926,Beautiful 3 ct DEW Certified Round Cut White Moissanite Pendant in 18K Gold Plated Vermeil,https://gemhub.in/products/beautiful-3ct-certified-round-cut-white-diamonds-pendant-in-18k-gold-plated-verm,9920600178936,https://cdn.shopify.com/s/files/1/0834/6075/1608/files/SKL-831_4.png?v=1781634433
Low (800-999px),928,No,1/7,#2 928x1152,15 ct DEW Certified Blue Moissanite Dangler Earrings Gold Vermeil For Birthday,https://gemhub.in/products/15-ct-certified-blue-moissanite-dangler-earrings-gold-vermeil-for-birthday,9920806617336,https://cdn.shopify.com/s/files/1/0834/6075/1608/files/model-15-ct-certified-blue-moissanite-dangler.jpg?v=1783175051
Low (800-999px),960,No,5/9,#2 960x960; #3 960x960; #5 960x960; #6 960x960; #8 960x960,Certified Natural Diamond Tiny Drop Dangle Earrings For Women 14k Gold Pear Cut,https://gemhub.in/products/3-57868e-11,9920658571512,https://cdn.shopify.com/s/files/1/0834/6075/1608/files/s-l1600_a907df12-f11c-4235-a00c-342dee648e97.jpg?v=1781635558 | https://cdn.shopify.com/s/files/1/0834/6075/1608/files/s-l1600_adc474f3-904d-47bd-b555-b09c6f876818.jpg?v=1781635558 | https://cdn.shopify.com/s/files/1/0834/6075/1608/files/s-l1600_44e589a0-b078-4a41-b880-553af6c8ffde.jpg?v=1781635558 | https://cdn.shopify.com/s/files/1/0834/6075/1608/files/s-l1600_e1cf107f-8c45-4c22-9f0b-b5ca5ff41d37.jpg?v=1781635558 | https://cdn.shopify.com/s/files/1/0834/6075/1608/files/s-l1600_97186ff7-318a-4d0a-8803-666c08e55b54.jpg?v=1781635558
Low (800-999px),992,Yes,1/7,#1 1056x992,IGI F/VS 3 Ct Oval Lab Grown Diamond Earrings Real 950 Platinum Screw,https://gemhub.in/products/3ctoval950platinumstud,9920584614136,https://cdn.shopify.com/s/files/1/0834/6075/1608/files/gemhub-co-oval-lab-created-diamond-earrings-platinum-screw-back-a1b2c3d4_231cb262-00c1-4122-b795-7aba727f589c.jpg?v=1781634106
Low (800-999px),992,No,1/7,#3 1056x992,IGI F/VS 1 Ct Oval Lab Grown Diamond Earrings Real 950 Platinum Screw,https://gemhub.in/products/1ctoval950platinumstud,9920585040120,https://cdn.shopify.com/s/files/1/0834/6075/1608/files/gemhub-co-oval-lab-created-diamond-earrings-platinum-f5a8b1c2.jpg?v=1781634117
Low (800-999px),992,No,1/7,#3 1056x992,IGI F/VS 2 Ct Oval Lab Grown Diamond Earrings Real 950 Platinum Screw,https://gemhub.in/products/2ctoval950platinumstud,9920585498872,https://cdn.shopify.com/s/files/1/0834/6075/1608/files/gemhub-co-oval-lab-created-diamond-earrings-platinum-screw-back-a1b2c3_914b6652-e14f-4cd3-8f7f-b7feceaa1e51.jpg?v=1781634128
Low (800-999px),992,No,1/7,#3 1056x992,IGI F/VS 3 Ct Oval Lab Grown Diamond Earrings Real 14K White Gold Screw,https://gemhub.in/products/3ctoval14kwgstud,9920586219768,https://cdn.shopify.com/s/files/1/0834/6075/1608/files/gemhub-co-14k-white-gold-oval-diamond-earrings-3ct-fvs-a1b2c3.jpg?v=1781634140
Low (800-999px),992,Yes,1/7,#1 1056x992,IGI F/VS 1 Ct Oval Lab Grown Diamond Earrings Real 14K White Gold Screw,https://gemhub.in/products/1ctoval14kwgstud,9920586612984,https://cdn.shopify.com/s/files/1/0834/6075/1608/files/gemhub-co-oval-diamond-stud-earrings-14k-white-gold-screw-back-a1b2c3.jpg?v=1781634151
Low (800-999px),999,No,1/5,#4 1000x999,Classic Diamond Platinum Ring,https://gemhub.in/products/prg24k68,9920655065336,https://cdn.shopify.com/s/files/1/0834/6075/1608/files/prg24k68_3_tx4wc0mpkh4zb0hw.jpg?v=1781635482
Low (800-999px),999,No,1/5,#3 1000x999,Elegant Platinum Diamond Ring For Men,https://gemhub.in/products/prg23k29,9920655950072,https://cdn.shopify.com/s/files/1/0834/6075/1608/files/prg23k29_pl_1_copy.jpg?v=1781635497
Low (800-999px),999,No,2/5,#3 1000x999; #5 1000x999,Stunning Diamond Platinum Ring,https://gemhub.in/products/prg24k69,9920656113912,https://cdn.shopify.com/s/files/1/0834/6075/1608/files/prg24k69_2_zjs2fy9cpg1kju50.jpg?v=1781635500 | https://cdn.shopify.com/s/files/1/0834/6075/1608/files/prg24k69_1_9tbr1bwanmeq3nsq.jpg?v=1781635500
