product_id,title,product_type,moissanite,variants,price_min,price_max,sku,admin_url,handle,similar_live_product,similar_live_url
9920774275320,Certified 5.00 ct DEW Round Cut Moissanite Solitaire Pendant In Vermeil 925 Silver,Pendant,Yes,1,15599.99,15599.99,GH-MOI-00353,https://admin.shopify.com/store/vbvidr-u9/products/9920774275320,certified-500-ct-round-cut-moissanite-solitaire-pendant-in-vermeil-925-silver,5.00 ct DEW Round Cut Moissanite Solitaire Pendant In Vermeil 925 Silver Certified,https://gemhub.in/products/500-ct-round-cut-moissanite-solitaire-pendant-in-vermeil-925-silver-certified-1
9920680722680,10.00 ct DEW Pear Cut White Moissanite Solitaire Engagement Ring Gold Vermeil,Rings,Yes,1,15599.99,15599.99,GH-MOI-00525,https://admin.shopify.com/store/vbvidr-u9/products/9920680722680,1000-ct-pear-cut-white-moissanite-solitaire-engagement-ring-gold-vermeil,,
9920681345272,10.40 ct DEW Blue Moissanite Radiant Cut Ring Gold Vermeil,Rings,Yes,1,15599.99,15599.99,GH-MOI-00518,https://admin.shopify.com/store/vbvidr-u9/products/9920681345272,1040-ct-blue-moissanite-radiant-cut-ring-gold-vermeil-ring-black-friday-deal,,
9920685277432,10.40 ct DEW Radiant Cut Blue Moissanite Solitaire Ring In Gold Vermeil Ring,Rings,Yes,1,15599.99,15599.99,GH-MOI-00465,https://admin.shopify.com/store/vbvidr-u9/products/9920685277432,1040-ct-radiant-cut-blue-moissanite-solitaire-ring-in-gold-vermeil-ring,,
9920685736184,10.50 ct DEW Certified Round Cut Blue Moissanite Solitaire Ring In Gold Vermeil,Rings,Yes,1,15599.99,15599.99,GH-MOI-00457,https://admin.shopify.com/store/vbvidr-u9/products/9920685736184,1050-ct-certified-round-cut-blue-moissanite-solitaire-ring-in-gold-vermeil,10.5ct DEW Blue Moissanite Round Solitaire Ring,https://gemhub.in/products/105-ct-blue-moissanite-round-solitaire-ring-925-sterling-silver-gold-vermeil
9920686129400,12.65 ct DEW Certified Emerald Cut Moissanite Solitaire Ring in Gold Vermeil,Rings,Yes,1,15599.99,15599.99,GH-MOI-00450,https://admin.shopify.com/store/vbvidr-u9/products/9920686129400,1265-ct-certified-emerald-cut-moissanite-solitaire-ring-in-gold-vermeil,12.65 ct DEW Certified Emerald Cut Moissanite Solitaire Ring in For New Year 18K Gold P 18K Gold Plated,https://gemhub.in/products/12-65-ct-certified-emerald-cut-diamond-solitaire-ring-in-for-new-year-18k-gold-p
9920684687608,13.60 ct DEW Certified Oval Cut Champagne Moissanite Solitaire Ring in Gold Vermeil,Rings,Yes,1,15599.99,15599.99,GH-MOI-00474,https://admin.shopify.com/store/vbvidr-u9/products/9920684687608,1360-ct-certified-oval-cut-champagne-moissanite-solitaire-ring-in-gold-vermeil,13.6ct DEW Champagne Moissanite Oval Solitaire Ring,https://gemhub.in/products/136-ct-champagne-moissanite-oval-solitaire-ring-925-sterling-silver-gold-vermeil
9920684491000,14.60 ct DEW Certified Radiant Cut Off White Moissanite Gold Vermeil Ring,Rings,Yes,1,15599.99,15599.99,GH-MOI-00477,https://admin.shopify.com/store/vbvidr-u9/products/9920684491000,1460-ct-certified-radiant-cut-off-white-moissanite-gold-vermeil-ring,14.6ct DEW White Moissanite Radiant Solitaire Ring,https://gemhub.in/products/146-ct-white-moissanite-radiant-solitaire-ring-925-sterling-silver-gold-vermeil
9920685179128,15.20 ct DEW Emerald Cut Blue Moissanite Ring Gold Vermeil With EGL Certificate,Rings,Yes,1,23999.99,23999.99,GH-MOI-00466,https://admin.shopify.com/store/vbvidr-u9/products/9920685179128,1520-ct-emerald-cut-blue-moissanite-ring-gold-vermeil-with-egl-certificate,,
9920758776056,16.10 ct DEW Asscher Cut White Moissanite Solitaire Ring In Gold Vermeil Certified,Rings,Yes,1,23999.99,23999.99,GH-MOI-00425,https://admin.shopify.com/store/vbvidr-u9/products/9920758776056,1610-ct-asscher-cut-white-moissanite-solitaire-ring-in-gold-vermeil-certified,16.1ct DEW White Moissanite Asscher Solitaire Ring,https://gemhub.in/products/161-ct-white-moissanite-asscher-solitaire-ring-925-sterling-silver-gold-vermeil
9920683311352,16.50 ct DEW Emerald Cut White Moissanite Gold Vermeil Promise Ring For Wife,Rings,Yes,1,23999.99,23999.99,GH-MOI-00494,https://admin.shopify.com/store/vbvidr-u9/products/9920683311352,1650-ct-emerald-cut-white-moissanite-gold-vermeil-promise-ring-for-wife,16.5ct DEW White Moissanite Emerald Solitaire Ring,https://gemhub.in/products/165-ct-white-moissanite-emerald-solitaire-ring-925-sterling-silver-gold-vermeil
9920686620920,16.90 ct DEW Certified Emerald Cut Moissanite Solitaire Ring in Gold Vermeil,Rings,Yes,1,15599.99,15599.99,GH-MOI-00443,https://admin.shopify.com/store/vbvidr-u9/products/9920686620920,1690-ct-certified-emerald-cut-moissanite-solitaire-ring-in-gold-vermeil,16.90 ct DEW Emerald Cut Moissanite Solitaire Ring Anniversary Gift Her 18K Gold Plated,https://gemhub.in/products/16-90-ct-emerald-cut-diamond-solitaire-ring-anniversary-gift-her-18k-gold-plated
9920681607416,17.00 ct DEW Certified Asscher Cut Moissanite Gold Vermeil Ring for Mother’s Day,Rings,Yes,1,23999.99,23999.99,GH-MOI-00514,https://admin.shopify.com/store/vbvidr-u9/products/9920681607416,1700-ct-certified-asscher-cut-moissanite-gold-vermeil-ring-for-mothers-day,,
9920681017592,17.2 ct DEW Certified Round Cut Blue Moissanite Gold Vermeil Ring for Cyber Monday,Rings,Yes,1,23999.99,23999.99,GH-MOI-00521,https://admin.shopify.com/store/vbvidr-u9/products/9920681017592,172-ct-certified-round-cut-blue-moissanite-gold-vermeil-ring-for-cyber-monday,17.2 ct DEW Certified Round Cut Blue Moissanite Gold Vermeil Solitaire Ring,https://gemhub.in/products/172-ct-certified-round-cut-blue-moissanite-gold-vermeil-solitaire-ring
9920685015288,18.60 ct DEW Emerald Cut Blue Moissanite Ring In Gold Vermeil EGL Certified,Rings,Yes,1,23999.99,23999.99,GH-MOI-00469,https://admin.shopify.com/store/vbvidr-u9/products/9920685015288,1860-ct-emerald-cut-blue-moissanite-ring-in-gold-vermeil-egl-certified,18.60 ct DEW Emerald Cut Blue Moissanite Ring in Certified Statement 18K Gold Plated Ve 18K Gold Plated,https://gemhub.in/products/18-60-ct-emerald-cut-blue-diamond-ring-in-certified-statement-18k-gold-plated-ve
9920683737336,18.65 ct DEW EGL Certified Emerald Cut White Moissanite Gold Vermeil Ring,Rings,Yes,1,23999.99,23999.99,GH-MOI-00490,https://admin.shopify.com/store/vbvidr-u9/products/9920683737336,1865-ct-egl-certified-emerald-cut-white-moissanite-gold-vermeil-ring,18.65 ct DEW Emerald Cut Certified White Moissanite Ring For Mother's Day 18K Gold Plat 18K Gold Plated,https://gemhub.in/products/18-65-ct-emerald-cut-certified-white-diamond-ring-for-mother-s-day-18k-gold-plat
9920686850296,19.20 ct DEW Certified Emerald Cut Moissanite Solitaire Ring in Gold Vermeil,Rings,Yes,1,23999.99,23999.99,GH-MOI-00440,https://admin.shopify.com/store/vbvidr-u9/products/9920686850296,1920-ct-certified-emerald-cut-moissanite-solitaire-ring-in-gold-vermeil,,
9920684097784,19.50 ct DEW Certified Emerald Cut Blue Moissanite Solitaire Ring In Gold Vermeil,Rings,Yes,1,23999.99,23999.99,GH-MOI-00483,https://admin.shopify.com/store/vbvidr-u9/products/9920684097784,1950ct-certified-emerald-cut-blue-moissanite-solitaire-ring-in-gold-vermeil,19.5ct DEW Blue Moissanite Emerald Solitaire Ring,https://gemhub.in/products/195-ct-blue-moissanite-emerald-solitaire-ring-925-sterling-silver-gold-vermeil
9920767951096,19.60 ct DEW Certified Pear Cut Blue Moissanite Solitaire Ring In Gold Vermeil,Rings,Yes,1,23999.99,23999.99,GH-MOI-00383,https://admin.shopify.com/store/vbvidr-u9/products/9920767951096,1960-ct-certified-pear-cut-blue-moissanite-solitaire-ring-in-gold-vermeil,19.6ct DEW Blue Moissanite Pear Solitaire Ring,https://gemhub.in/products/196-ct-blue-moissanite-pear-solitaire-ring-925-sterling-silver-gold-vermeil
9920768147704,2.75 ct DEW Certified Round Blue Moissanite Ring In Gold Vermeil For Men,Rings,Yes,1,15599.99,15599.99,GH-MOI-00382,https://admin.shopify.com/store/vbvidr-u9/products/9920768147704,275-ct-certified-round-blue-moissanite-ring-in-gold-vermeil-for-men,2.75 ct DEW Blue Moissanite Round Ring Engagement Gift Sparkling Shine 18K Gold Plated 18K Gold Plated,https://gemhub.in/products/2-75-ct-blue-diamond-round-ring-engagement-gift-sparkling-shine-18k-gold-plated
9920684523768,20.00 ct DEW Certified Asscher Champagne Moissanite Ring Gold Vermeil Prong Setting,Rings,Yes,1,23999.99,23999.99,GH-MOI-00476,https://admin.shopify.com/store/vbvidr-u9/products/9920684523768,2000-ct-certified-asscher-champagne-moissanite-ring-gold-vermeil-prong-setting,20.0ct DEW Champagne Moissanite Asscher Solitaire Ring,https://gemhub.in/products/200-ct-champagne-moissanite-asscher-solitaire-ring-925-sterling-silver-gold-vermeil
9920685375736,21 ct DEW Certified Oval Cut Champagne Moissanite Ring Gold Vermeil Prong Setting,Rings,Yes,1,23999.99,23999.99,GH-MOI-00463,https://admin.shopify.com/store/vbvidr-u9/products/9920685375736,21-ct-certified-oval-cut-champagne-moissanite-ring-gold-vermeil-prong-setting,,
9920685965560,22.60 ct DEW Certified Emerald Cut White Solitaire Moissanite Gold Vermeil Ring,Rings,Yes,1,23999.99,23999.99,GH-MOI-00453,https://admin.shopify.com/store/vbvidr-u9/products/9920685965560,2260-ct-certified-emerald-cut-white-solitaire-moissanite-gold-vermeil-ring,RARE 22.60 ct DEW Emerald Cut Off White Treated Moissanite Ring in WOW 18K Gold Plated 18K Gold Plated,https://gemhub.in/products/rare-22-60-ct-emerald-cut-off-white-treated-diamond-ring-in-wow-18k-gold-plated
9920684294392,23.50 ct DEW Certified Asscher Cut Moissanite Solitaire Ring in Gold Vermeil,Rings,Yes,1,23999.99,23999.99,GH-MOI-00480,https://admin.shopify.com/store/vbvidr-u9/products/9920684294392,2350-ct-certified-asscher-cut-moissanite-solitaire-ring-in-gold-vermeil,23.50 ct DEW Asscher Cut Certified Moissanite Silver Ring – Huge Rare Gift for Wedding 18K Gold Plated,https://gemhub.in/products/23-50-ct-asscher-cut-certified-diamond-silver-ring-huge-rare-gift-for-wedding
9920683966712,25.50 ct DEW Certified Radiant Cut Champagne Moissanite Ring In Gold Vermeil,Rings,Yes,1,23999.99,23999.99,GH-MOI-00485,https://admin.shopify.com/store/vbvidr-u9/products/9920683966712,2550-ct-certified-radiant-cut-champagne-moissanite-ring-in-gold-vermeil,25.5ct DEW Champagne Moissanite Radiant Solitaire Ring,https://gemhub.in/products/255-ct-champagne-moissanite-radiant-solitaire-ring-925-sterling-silver-gold-vermeil
9920684392696,25.50 ct DEW EGL Certified Emerald Cut Moissanite Solitaire Ring in Gold Vermeil,Rings,Yes,1,23999.99,23999.99,GH-MOI-00479,https://admin.shopify.com/store/vbvidr-u9/products/9920684392696,2550-ct-egl-certified-emerald-cut-moissanite-solitaire-ring-in-gold-vermeil,,
9920681967864,27.5 ct DEW Certified Emerald Cut Moissanite Ring in Gold Vermeil Birthday Gift,Rings,Yes,1,23999.99,23999.99,GH-MOI-00509,https://admin.shopify.com/store/vbvidr-u9/products/9920681967864,275-ct-certified-emerald-cut-moissanite-ring-in-gold-vermeil-birthday-gift,,
9920682492152,29.50 ct DEW Emerald Cut Certified White Moissanite Gold Vermeil Ring For Sister,Rings,Yes,1,23999.99,23999.99,GH-MOI-00502,https://admin.shopify.com/store/vbvidr-u9/products/9920682492152,2950-ct-emerald-cut-certified-white-moissanite-gold-vermeil-ring-for-sister,,
9920680624376,3.65 ct DEW Certified Blue Moissanite Solitaire Ring Gold Vermeil For Wedding,Rings,Yes,1,15599.99,15599.99,GH-MOI-00526,https://admin.shopify.com/store/vbvidr-u9/products/9920680624376,365-ct-certified-blue-moissanite-solitaire-ring-gold-vermeil-for-wedding,,
9920680886520,3.70 ct DEW Certified Moissanite Solitaire Ring Gold Vermeil For Birthday Gift,Rings,Yes,1,15599.99,15599.99,GH-MOI-00522,https://admin.shopify.com/store/vbvidr-u9/products/9920680886520,370-ct-certified-moissanite-solitaire-ring-gold-vermeil-for-birthday-gift,,
9920686784760,4 ct DEW Certified Radiant Cut White Moissanite Solitaire Ring In Gold Vermeil,Rings,Yes,1,15599.99,15599.99,GH-MOI-00441,https://admin.shopify.com/store/vbvidr-u9/products/9920686784760,4-ct-certified-radiant-cut-white-moissanite-solitaire-ring-in-gold-vermeil,4.00 ct DEW Radiant Cut White Treated Moissanite Solitaire Ring in Cert 18K Gold Plated,https://gemhub.in/products/4-00-ct-radiant-cut-white-treated-diamond-solitaire-ring-in-cert-18k-gold-plated
9920770113784,4.00 ct DEW Certified Asscher Cut Champagne Moissanite Ring Gold Vermeil Jewellery,Rings,Yes,1,15599.99,15599.99,GH-MOI-00373,https://admin.shopify.com/store/vbvidr-u9/products/9920770113784,400-ct-certified-asscher-cut-champagne-moissanite-ring-gold-vermeil-jewelry,4.0ct DEW Champagne Moissanite Asscher Solitaire Ring,https://gemhub.in/products/40-ct-champagne-moissanite-asscher-solitaire-ring-925-sterling-silver-gold-vermeil
9920768671992,4.00 ct DEW Certified Oval Cut White Moissanite Gold Vermeil Ring For Women,Rings,Yes,1,15599.99,15599.99,GH-MOI-00380,https://admin.shopify.com/store/vbvidr-u9/products/9920768671992,400-ct-certified-oval-cut-white-moissanite-gold-vermeil-ring-for-women,4.0ct DEW White Moissanite Oval Solitaire Ring,https://gemhub.in/products/40-ct-white-moissanite-oval-solitaire-ring-925-sterling-silver-gold-vermeil
9920757727480,4.15 ct DEW Certified White Emerald Cut Moissanite Solitaire Ring Gold Vermeil,Rings,Yes,1,15599.99,15599.99,GH-MOI-00430,https://admin.shopify.com/store/vbvidr-u9/products/9920757727480,415-ct-certified-white-emerald-cut-moissanite-solitaire-ring-gold-vermeil,4.15 ct DEW Certified Emerald Cut Off White Moissanite Ring – Festival Gift 18K Gold Plated,https://gemhub.in/products/4-15-ct-certified-emerald-cut-off-white-diamond-ring-festival-gift-18k-gold-pl
9920764608760,4.18 ct DEW Certified Round Cut White Moissanite Solitaire Ring Gold Vermeil,Rings,Yes,1,15599.99,15599.99,GH-MOI-00397,https://admin.shopify.com/store/vbvidr-u9/products/9920764608760,418-ct-certified-round-cut-white-moissanite-solitaire-ring-gold-vermeil,4.18ct DEW White Moissanite Round Solitaire Ring,https://gemhub.in/products/418-ct-white-moissanite-round-solitaire-ring-925-sterling-silver-gold-vermeil
9920682066168,4.20 ct DEW Certified F Moissanite Solitaire Ring Gold Vermeil Anniversary Gift,Rings,Yes,1,15599.99,15599.99,GH-MOI-00508,https://admin.shopify.com/store/vbvidr-u9/products/9920682066168,420-ct-certified-f-moissanite-solitaire-ring-gold-vermeil-anniversary-gift,,
9920681804024,4.25 ct DEW Certified Princess Cut White Moissanite Gold Vermeil Engagement Ring,Rings,Yes,1,15599.99,15599.99,GH-MOI-00511,https://admin.shopify.com/store/vbvidr-u9/products/9920681804024,425-ct-certified-princess-cut-white-moissanite-gold-vermeil-engagement-ring,4.25ct DEW White Moissanite Princess Solitaire Ring,https://gemhub.in/products/425-ct-white-moissanite-princess-solitaire-ring-925-sterling-silver-gold-vermeil
9920682197240,4.50 ct DEW Certified Emerald Cut White Moissanite Solitaire Ring Gold Vermeil,Rings,Yes,1,15599.99,15599.99,GH-MOI-00507,https://admin.shopify.com/store/vbvidr-u9/products/9920682197240,450-ct-certified-emerald-cut-white-moissanite-solitaire-ring-gold-vermeil,4.50 ct DEW Emerald Cut Off White Moissanite Ring in Certified Shine 18K Gold Plated Ve 18K Gold Plated,https://gemhub.in/products/4-50-ct-emerald-cut-off-white-diamond-ring-in-certified-shine-18k-gold-plated-ve
9920683016440,4.55 ct DEW Certified Cushion Cut White Moissanite Gold Vermeil Ring For Girlfriend,Rings,Yes,1,15599.99,15599.99,GH-MOI-00499,https://admin.shopify.com/store/vbvidr-u9/products/9920683016440,455ct-certified-cushion-cut-white-moissanite-gold-vermeil-ring-for-girlfriend,4.55ct DEW White Moissanite Cushion Solitaire Ring,https://gemhub.in/products/455-ct-white-moissanite-cushion-solitaire-ring-925-sterling-silver-gold-vermeil
9920685342968,4.65 ct DEW EGL Certified Cushion Cut White Moissanite Ring In Gold Vermeil,Rings,Yes,1,15599.99,15599.99,GH-MOI-00464,https://admin.shopify.com/store/vbvidr-u9/products/9920685342968,465-ct-egl-certified-cushion-cut-white-moissanite-ring-in-gold-vermeil,,
9920681214200,4.7 ct DEW Pear Cut Blue Moissanite Gold Vermeil Ring Cyber Monday Jewellery Sale,Rings,Yes,1,15599.99,15599.99,GH-MOI-00520,https://admin.shopify.com/store/vbvidr-u9/products/9920681214200,47-ct-pear-cut-blue-moissanite-gold-vermeil-ring-cyber-monday-jewelry-sale,4.70 ct DEW Gold Vermeil Pear Cut Blue Moissanite Solitaire Ring,https://gemhub.in/products/470-ct-gold-vermeil-egl-certified-pear-cut-blue-moissanite-solitaire-ring
9920680820984,4.70 ct DEW Certified Asscher Cut White Moissanite Solitaire Ring In Gold Vermeil,Rings,Yes,1,15599.99,15599.99,GH-MOI-00523,https://admin.shopify.com/store/vbvidr-u9/products/9920680820984,470ct-certified-asscher-cut-white-moissanite-solitaire-ring-in-gold-vermeil,4.7ct DEW White Moissanite Asscher Solitaire Ring,https://gemhub.in/products/47-ct-white-moissanite-asscher-solitaire-ring-925-sterling-silver-gold-vermeil
9920684425464,4.80 ct DEW Certified Emerald Cut White Moissanite Solitaire Ring Gold Vermeil,Rings,Yes,1,15599.99,15599.99,GH-MOI-00478,https://admin.shopify.com/store/vbvidr-u9/products/9920684425464,480-ct-certified-emerald-cut-white-moissanite-solitaire-ring-gold-vermeil,4.8ct DEW White Moissanite Emerald Solitaire Ring,https://gemhub.in/products/48-ct-white-moissanite-emerald-solitaire-ring-925-sterling-silver-gold-vermeil
9920685506808,4.80 ct DEW Certified Oval Shape Certified Blue Moissanite Ring Gold Vermeil,Rings,Yes,1,15599.99,15599.99,GH-MOI-00460,https://admin.shopify.com/store/vbvidr-u9/products/9920685506808,480-ct-certified-oval-shape-certified-blue-moissanite-ring-gold-vermeil,4.80 ct DEW Oval Cut Blue Moissanite Ring in Certified Engagement 18K Gold Plated Verme 18K Gold Plated,https://gemhub.in/products/4-80-ct-oval-cut-blue-diamond-ring-in-certified-engagement-18k-gold-plated-verme
9920686686456,4.85 ct DEW Certified Oval Cut White Moissanite Gold Vermeil Ring For Women,Rings,Yes,1,15599.99,15599.99,GH-MOI-00442,https://admin.shopify.com/store/vbvidr-u9/products/9920686686456,485-ct-certified-oval-cut-white-moissanite-gold-vermeil-ring-for-women,4.85 ct DEW Oval Cut Off White Moissanite Ring in – Certified Sparkler 18K Gold Plated 18K Gold Plated,https://gemhub.in/products/4-85-ct-oval-cut-off-white-diamond-ring-in-certified-sparkler-18k-gold-plated
9920681410808,4.90 ct DEW Certified Asscher Cut Moissanite Gold Vermeil Ring New Year Special Gift,Rings,Yes,1,15599.99,15599.99,GH-MOI-00517,https://admin.shopify.com/store/vbvidr-u9/products/9920681410808,490-ct-certified-asscher-cut-moissanite-gold-vermeil-ring-new-year-special-gift,,
9920687079672,4.90 ct DEW EGL Certified White Princess Cut Moissanite Ring Gold Vermeil,Rings,Yes,1,15599.99,15599.99,GH-MOI-00436,https://admin.shopify.com/store/vbvidr-u9/products/9920687079672,490-ct-egl-certified-white-princess-cut-moissanite-ring-gold-vermeil,Certified 4.90 ct DEW White Princess Cut Moissanite Ring For Women 18K Gold Plated Verm 18K Gold Plated,https://gemhub.in/products/certified-4-90-ct-white-princess-cut-diamond-ring-for-women-18k-gold-plated-verm
9920758972664,5 ct DEW EGL Certified Princess Cut Off White Moissanite Gold Vermeil Ring,Rings,Yes,1,15599.99,15599.99,GH-MOI-00424,https://admin.shopify.com/store/vbvidr-u9/products/9920758972664,5ct-egl-certified-princess-cut-off-white-moissanite-gold-vermeil-ring,5 ct DEW Princess Cut Off White Moissanite Ring Gift for 4th of July 18K Gold Plated Ve 18K Gold Plated,https://gemhub.in/products/5-ct-princess-cut-off-white-diamond-ring-gift-for-4th-of-july-18k-gold-plated-ve
9920760381688,5.15 ct DEW Certified Round Cut Champagne Moissanite Solitaire Ring in Gold Vermeil,Rings,Yes,1,15599.99,15599.99,GH-MOI-00417,https://admin.shopify.com/store/vbvidr-u9/products/9920760381688,515-ct-certified-round-cut-champagne-moissanite-solitaire-ring-in-gold-vermeil,5.15ct DEW Champagne Moissanite Round Solitaire Ring,https://gemhub.in/products/515-ct-champagne-moissanite-round-solitaire-ring-925-sterling-silver-gold-vermeil
9920683573496,5.20 ct DEW Certified Round Cut White Moissanite Gold Vermeil Ring Valentine's Gift,Rings,Yes,1,15599.99,15599.99,GH-MOI-00492,https://admin.shopify.com/store/vbvidr-u9/products/9920683573496,520-ct-certified-round-cut-white-moissanite-gold-vermeil-ring-valentines-gift,5.20ct DEW White Moissanite Round Solitaire Ring | 18K Gold Vermeil | GRA Certified,https://gemhub.in/products/520-ct-certified-round-cut-white-moissanite-gold-vermeil-ring-for-gift
9920762118392,5.20 ct DEW EGL Certified Round Cut Black Moissanite Gold Vermeil Men's Ring,Rings,Yes,1,15599.99,15599.99,GH-MOI-00409,https://admin.shopify.com/store/vbvidr-u9/products/9920762118392,520-ct-egl-certified-round-cut-black-moissanite-gold-vermeil-mens-ring,5.20ct DEW Black Moissanite Round Solitaire Ring | 18K Gold Vermeil | GRA Certified,https://gemhub.in/products/520-ct-certified-round-cut-black-moissanite-gold-vermeil-ring-for-engagement
9920683114744,5.30 ct DEW Certified Cushion Cut F VS1 CVD Moissanite Gold Vermeil Proposal Ring,Rings,Yes,1,15599.99,15599.99,GH-MOI-00498,https://admin.shopify.com/store/vbvidr-u9/products/9920683114744,530-ct-certified-cushion-cut-f-vs1-cvd-moissanite-gold-vermeil-proposal-ring,,
9920685605112,5.30 ct DEW Certified Emerald Cut Solitaire White F VS1 Moissanite Gold Vermeil Ring,Rings,Yes,1,15599.99,15599.99,GH-MOI-00459,https://admin.shopify.com/store/vbvidr-u9/products/9920685605112,530ct-certified-emerald-cut-solitaire-white-f-vs1-moissanite-gold-vermeil-ring,5.30ct DEW White Moissanite Emerald Cut Solitaire Ring | 18K Gold Vermeil | GRA,https://gemhub.in/products/530-ct-emerald-cut-certified-white-moissanite-soliatire-gold-vermeil-ring
9920686457080,5.36 ct DEW Radiant Cut White Moissanite Solitaire Gold Vermeil Engagement Ring,Rings,Yes,1,15599.99,15599.99,GH-MOI-00446,https://admin.shopify.com/store/vbvidr-u9/products/9920686457080,536ct-radiant-cut-white-moissanite-solitaire-gold-vermeil-engagement-ring,5.36 ct DEW Radiant Cut White Moissanite Solitaire Wedding Ring 18K Gold Plated,https://gemhub.in/products/5-36ct-radiant-cut-white-diamond-solitaire-wedding-ring-18k-gold-plated-vermeil
9920681312504,5.50 ct DEW Certified Blue Moissanite Ring Gold Vermeil Limited Time Holiday Offer,Rings,Yes,1,15599.99,15599.99,GH-MOI-00519,https://admin.shopify.com/store/vbvidr-u9/products/9920681312504,550-ct-certified-blue-moissanite-ring-gold-vermeil-limited-time-holiday-offer,Certified 5.5ct VS1 Blue Moissanite Ring for Anniversary Gift in 18K Gold Plated,https://gemhub.in/products/certified-5-5ct-natural-vs1-blue-diamond-ring-for-anniversary-gift-in-18k-gold-p
9920684884216,5.50 ct DEW Princess Cut EGL Certified Blue Moissanite Ring In Gold Vermeil,Rings,Yes,1,15599.99,15599.99,GH-MOI-00472,https://admin.shopify.com/store/vbvidr-u9/products/9920684884216,550-ct-princess-cut-egl-certified-blue-moissanite-ring-in-gold-vermeil,5.5ct DEW Blue Moissanite Princess Solitaire Ring,https://gemhub.in/products/55-ct-blue-moissanite-princess-solitaire-ring-925-sterling-silver-gold-vermeil
9920763330808,5.60 ct DEW Certified Asscher Cut White Moissanite Solitaire Ring Gold Vermeil,Rings,Yes,1,15599.99,15599.99,GH-MOI-00403,https://admin.shopify.com/store/vbvidr-u9/products/9920763330808,560-ct-certified-asscher-cut-white-moissanite-solitaire-ring-gold-vermeil,5.6ct DEW White Moissanite Asscher Solitaire Ring,https://gemhub.in/products/56-ct-white-moissanite-asscher-solitaire-ring-925-sterling-silver-gold-vermeil
9920683278584,5.7 ct DEW Certified White Moissanite Asscher Cut Solitaire Ring Gold Vermeil Wedding,Rings,Yes,1,15599.99,15599.99,GH-MOI-00495,https://admin.shopify.com/store/vbvidr-u9/products/9920683278584,57ct-certified-white-moissanite-asscher-cut-solitaire-ring-gold-vermeil-wedding,5.7ct DEW White Moissanite Asscher Solitaire Ring,https://gemhub.in/products/57-ct-white-moissanite-asscher-solitaire-ring-925-sterling-silver-gold-vermeil
9920686227704,5.70 ct DEW Certified Radiant Cut White Moissanite Solitaire Ring In Gold Vermeil,Rings,Yes,1,15599.99,15599.99,GH-MOI-00448,https://admin.shopify.com/store/vbvidr-u9/products/9920686227704,570ct-certified-radiant-cut-white-moissanite-solitaire-ring-in-gold-vermeil,5.7ct DEW White Moissanite Radiant Solitaire Ring,https://gemhub.in/products/57-ct-white-moissanite-radiant-solitaire-ring-925-sterling-silver-gold-vermeil
9920766705912,5.74 ct DEW Certified Asscher Cut Solitaire White Moissanite Gold Vermeil Ring,Rings,Yes,1,15599.99,15599.99,GH-MOI-00389,https://admin.shopify.com/store/vbvidr-u9/products/9920766705912,574-ct-certified-asscher-cut-solitaire-white-moissanite-gold-vermeil-ring,5.74 ct DEW Asscher Cut Off White Moissanite Ring in – Wedding Gift 18K Gold Plated Ver 18K Gold Plated,https://gemhub.in/products/5-74-ct-asscher-cut-off-white-diamond-ring-in-wedding-gift-18k-gold-plated-ver
9920686522616,5.80 ct DEW Certified Round Cut Blue Moissanite Solitaire Ring In Gold Vermeil,Rings,Yes,1,15599.99,15599.99,GH-MOI-00445,https://admin.shopify.com/store/vbvidr-u9/products/9920686522616,580-ct-certified-round-cut-blue-moissanite-solitaire-ring-in-gold-vermeil,5.80 ct DEW Blue Round Cut Moissanite Ring for Wedding or Anniversary 18K Gold Plated V 18K Gold Plated,https://gemhub.in/products/5-80-ct-blue-round-cut-diamond-ring-for-wedding-or-anniversary-18k-gold-plated-v
9920686194936,5.95 ct DEW Certified Round Cut White Solitaire Moissanite Gold Vermeil Ring,Rings,Yes,1,15599.99,15599.99,GH-MOI-00449,https://admin.shopify.com/store/vbvidr-u9/products/9920686194936,595-ct-certified-round-cut-white-solitaire-moissanite-gold-vermeil-ring,Certified 5.95 ct DEW Round Cut White Moissanite Ring For Mother's Day 18K Gold Plated 18K Gold Plated,https://gemhub.in/products/certified-5-95-ct-round-cut-white-diamond-ring-for-mother-s-day-18k-gold-plated
9920766312696,6.30 ct DEW Certified Asscher Solitaire White Moissanite Gold Vermeil Solitaire Ring,Rings,Yes,1,15599.99,15599.99,GH-MOI-00391,https://admin.shopify.com/store/vbvidr-u9/products/9920766312696,630ct-certified-asscher-solitaire-white-moissanite-gold-vermeil-solitaire-ring,6.30 ct DEW Asscher Cut Off White Moissanite Solitaire Ring in – RARE 18K Gold Plated V 18K Gold Plated,https://gemhub.in/products/6-30-ct-asscher-cut-off-white-diamond-solitaire-ring-in-rare-18k-gold-plated-v
9920682393848,6.30 ct DEW Certified Champagne Moissanite Gold Vermeil Ring Accents Wedding Gift,Rings,Yes,1,15599.99,15599.99,GH-MOI-00504,https://admin.shopify.com/store/vbvidr-u9/products/9920682393848,630-ct-certified-champagne-moissanite-gold-vermeil-ring-accents-wedding-gift,,
9920760021240,6.35 ct DEW Certified Round Cut White Solitaire Moissanite Gold Vermeil Ring,Rings,Yes,1,15599.99,15599.99,GH-MOI-00419,https://admin.shopify.com/store/vbvidr-u9/products/9920760021240,635ct-certified-round-cut-white-solitaire-moissanite-gold-vermeil-ring,6.35 ct DEW Off White Round Moissanite Ring – Shine Gift for Women 18K Gold Plated Verm 18K Gold Plated,https://gemhub.in/products/6-35-ct-off-white-round-diamond-ring-shine-gift-for-women-18k-gold-plated-verm
9920763461880,6.50 ct DEW Certified Radiant Cut White Moissanite Solitaire Gold Vermeil Ring,Rings,Yes,1,15599.99,15599.99,GH-MOI-00402,https://admin.shopify.com/store/vbvidr-u9/products/9920763461880,650-ct-certified-radiant-cut-white-moissanite-solitaire-gold-vermeil-ring,6.5ct DEW White Moissanite Radiant Solitaire Ring,https://gemhub.in/products/65-ct-white-moissanite-radiant-solitaire-ring-925-sterling-silver-gold-vermeil
9920687243512,6.60 ct DEW Certified Round Cut White Moissanite Solitaire Ring Gold Vermeil,Rings,Yes,1,15599.99,15599.99,GH-MOI-00434,https://admin.shopify.com/store/vbvidr-u9/products/9920687243512,660-ct-certified-round-cut-white-moissanite-solitaire-ring-gold-vermeil,6.6ct DEW White Moissanite Round Solitaire Ring,https://gemhub.in/products/66-ct-white-moissanite-round-solitaire-ring-925-sterling-silver-gold-vermeil
9920763166968,6.65 ct DEW Round Cut White Moissanite Solitaire Ring In Gold Vermeil Certified,Rings,Yes,1,15599.99,15599.99,GH-MOI-00404,https://admin.shopify.com/store/vbvidr-u9/products/9920763166968,665-ct-round-cut-white-moissanite-solitaire-ring-in-gold-vermeil-certified,6.65 ct DEW Round Cut White Treated Moissanite Solitaire Ring Certified 18K Gold Plated,https://gemhub.in/products/6-65-ct-round-cut-white-treated-diamond-solitaire-ring-certified-18k-gold-plated
9920685441272,6.70 ct DEW Certified Emerald Cut Champagne Moissanite Solitaire Ring Gold Vermeil,Rings,Yes,1,15599.99,15599.99,GH-MOI-00462,https://admin.shopify.com/store/vbvidr-u9/products/9920685441272,670-ct-certified-emerald-cut-champagne-moissanite-solitaire-ring-gold-vermeil,,
9920767328504,6.70 ct DEW Certified Heart Cut Moissanite Gold Vermeil Ring For Engagement,Rings,Yes,1,15599.99,15599.99,GH-MOI-00386,https://admin.shopify.com/store/vbvidr-u9/products/9920767328504,670-ct-certified-heart-cut-moissanite-gold-vermeil-ring-for-engagement,,
9920758022392,6.70 ct DEW Certified Heart Cut Solitaire White Moissanite Gold Vermeil Ring,Rings,Yes,1,15599.99,15599.99,GH-MOI-00429,https://admin.shopify.com/store/vbvidr-u9/products/9920758022392,670-ct-certified-heart-cut-solitaire-white-moissanite-gold-vermeil-ring,6.7ct DEW White Moissanite Heart Solitaire Ring,https://gemhub.in/products/67-ct-white-moissanite-heart-solitaire-ring-925-sterling-silver-gold-vermeil-2
9920684589304,7.00 ct DEW Certified Cushion Cut Blue Moissanite Solitaire Gold Vermeil Ring,Rings,Yes,1,15599.99,15599.99,GH-MOI-00475,https://admin.shopify.com/store/vbvidr-u9/products/9920684589304,700ct-certified-cushion-cut-blue-moissanite-solitaire-gold-vermeil-ring,7.00 ct DEW Cushion Cut Blue Moissanite Ring Gift for Her Anniversary 18K Gold Plated V 18K Gold Plated,https://gemhub.in/products/7-00-ct-cushion-cut-blue-diamond-ring-gift-for-her-anniversary-18k-gold-plated-v
9920684163320,7.20 ct DEW EGL Certified Heart Cut Solitaire White Moissanite Gold Vermeil Ring,Rings,Yes,1,15599.99,15599.99,GH-MOI-00482,https://admin.shopify.com/store/vbvidr-u9/products/9920684163320,720-ct-egl-certified-heart-cut-solitaire-white-moissanite-gold-vermeil-ring,7.2ct DEW White Moissanite Heart Solitaire Ring,https://gemhub.in/products/72-ct-white-moissanite-heart-solitaire-ring-925-sterling-silver-gold-vermeil
9920762970360,7.30 ct DEW Certified Emerald Cut Solitaire White Moissanite Gold Vermeil Ring,Rings,Yes,1,15599.99,15599.99,GH-MOI-00405,https://admin.shopify.com/store/vbvidr-u9/products/9920762970360,730-ct-certified-emerald-cut-solitaire-white-moissanite-gold-vermeil-ring,7.3ct DEW White Moissanite Emerald Solitaire Ring,https://gemhub.in/products/73-ct-white-moissanite-emerald-solitaire-ring-925-sterling-silver-gold-vermeil
9920680526072,7.50 ct DEW Asscher Cut Certified Blue Moissanite Ring In Gold Vermeil Sterling,Rings,Yes,1,15599.99,15599.99,GH-MOI-00528,https://admin.shopify.com/store/vbvidr-u9/products/9920680526072,750-ct-asscher-cut-certified-blue-moissanite-ring-in-gold-vermeil-sterling,7.5 ct DEW Blue Moissanite Asscher Solitaire Ring - 18K Gold Vermeil on 925 Sterling Silver,https://gemhub.in/products/75-ct-blue-moissanite-asscher-solitaire-ring-925-sterling-silver-gold-vermeil
9920686063864,7.50 ct DEW Certified Emerald Champagne Moissanite Ring Gold Vermeil Prong Setting,Rings,Yes,1,15599.99,15599.99,GH-MOI-00451,https://admin.shopify.com/store/vbvidr-u9/products/9920686063864,750-ct-certified-emerald-champagne-moissanite-ring-gold-vermeil-prong-setting,7.5ct DEW Champagne Moissanite Emerald Solitaire Ring,https://gemhub.in/products/75-ct-champagne-moissanite-emerald-solitaire-ring-925-sterling-silver-gold-vermeil
9920683933944,7.65 ct DEW Certified Round White Moissanite Solitaire Ring Gold Vermeil,Rings,Yes,1,15599.99,15599.99,GH-MOI-00486,https://admin.shopify.com/store/vbvidr-u9/products/9920683933944,765-ct-certified-round-white-moissanite-solitaire-ring-gold-vermeil,7.65ct DEW White Moissanite Round Solitaire Ring,https://gemhub.in/products/765-ct-white-moissanite-round-solitaire-ring-925-sterling-silver-gold-vermeil
9920682590456,7.85 ct DEW EGL Certified Asscher Cut White Moissanite Gold Vermeil Ring For Girls,Rings,Yes,1,15599.99,15599.99,GH-MOI-00501,https://admin.shopify.com/store/vbvidr-u9/products/9920682590456,785-ct-egl-certified-asscher-cut-white-moissanite-gold-vermeil-ring-for-girls,7.85ct DEW White Moissanite Asscher Solitaire Ring,https://gemhub.in/products/785-ct-white-moissanite-asscher-solitaire-ring-925-sterling-silver-gold-vermeil
9920685703416,8.15 ct DEW Radiant Cut White Certified Solitaire Moissanite Gold Vermeil Ring,Rings,Yes,1,15599.99,15599.99,GH-MOI-00458,https://admin.shopify.com/store/vbvidr-u9/products/9920685703416,815-ct-radiant-cut-white-certified-solitaire-moissanite-gold-vermeil-ring,8.15ct DEW White Moissanite Radiant Solitaire Ring,https://gemhub.in/products/815-ct-white-moissanite-radiant-solitaire-ring-925-sterling-silver-gold-vermeil
9920680755448,8.30 ct DEW Certified Cushion Solitaire Round Cut Blue Moissanite Ring Gold Vermeil,Rings,Yes,1,15599.99,15599.99,GH-MOI-00524,https://admin.shopify.com/store/vbvidr-u9/products/9920680755448,830-ct-certified-cushion-solitaire-round-cut-blue-moissanite-ring-gold-vermeil,,
9920685834488,8.30 ct DEW Certified Radiant Cut White Moissanite Solitaire Gold Vermeil Ring,Rings,Yes,1,15599.99,15599.99,GH-MOI-00455,https://admin.shopify.com/store/vbvidr-u9/products/9920685834488,830-ct-certified-radiant-cut-white-moissanite-solitaire-gold-vermeil-ring,8.3ct DEW White Moissanite Radiant Solitaire Ring,https://gemhub.in/products/83-ct-white-moissanite-radiant-solitaire-ring-925-sterling-silver-gold-vermeil
9920681443576,8.30 ct DEW EGL Certified White Moissanite Solitaire Ring Anniversary Gold Vermeil,Rings,Yes,1,15599.99,15599.99,GH-MOI-00516,https://admin.shopify.com/store/vbvidr-u9/products/9920681443576,830-ct-egl-certified-white-moissanite-solitaire-ring-anniversary-gold-vermeil,,
9920681672952,8.35 ct DEW Certified Moissanite Ring In Gold Vermeil Mother's Day Gift for Mom,Rings,Yes,1,15599.99,15599.99,GH-MOI-00513,https://admin.shopify.com/store/vbvidr-u9/products/9920681672952,835-ct-certified-moissanite-ring-in-gold-vermeil-mothers-day-gift-for-mom,,
9920681902328,8.70 ct DEW Certified Moissanite Ring in Gold Vermeil Romantic Ring for Girlfriend,Rings,Yes,1,15599.99,15599.99,GH-MOI-00510,https://admin.shopify.com/store/vbvidr-u9/products/9920681902328,870-ct-certified-moissanite-ring-in-gold-vermeil-romantic-ring-for-girlfriend,,
9920763658488,9.10 ct DEW Certified Round Cut White Moissanite Solitaire Ring Gold Vermeil,Rings,Yes,1,15599.99,15599.99,GH-MOI-00401,https://admin.shopify.com/store/vbvidr-u9/products/9920763658488,910-ct-certified-round-cut-white-moissanite-solitaire-ring-gold-vermeil,9.1ct DEW White Moissanite Round Solitaire Ring,https://gemhub.in/products/91-ct-white-moissanite-round-solitaire-ring-925-sterling-silver-gold-vermeil
9920767721720,9.25 ct DEW Certified White Round Cut Moissanite Solitaire Ring Gold Vermeil,Rings,Yes,1,15599.99,15599.99,GH-MOI-00384,https://admin.shopify.com/store/vbvidr-u9/products/9920767721720,925-ct-certified-white-round-cut-moissanite-solitaire-ring-gold-vermeil,RARE 9.25 ct DEW Round Cut White Treated Moissanite Solitaire Ring in 18K Gold Plated V 18K Gold Plated,https://gemhub.in/products/rare-9-25-ct-round-cut-white-treated-diamond-solitaire-ring-in-18k-gold-plated-v
9920684949752,9.30 ct DEW Asscher Cut Champagne Moissanite Ring Gold Vermeil Prong Setting,Rings,Yes,1,15599.99,15599.99,GH-MOI-00470,https://admin.shopify.com/store/vbvidr-u9/products/9920684949752,930-ct-asscher-cut-champagne-moissanite-ring-gold-vermeil-prong-setting,9.3ct DEW Champagne Moissanite Asscher Solitaire Ring,https://gemhub.in/products/93-ct-champagne-moissanite-asscher-solitaire-ring-925-sterling-silver-gold-vermeil
9920769032440,9.30 ct DEW Certified Pear Cut Champagne Moissanite Solitaire Ring in Gold Vermeil,Rings,Yes,1,15599.99,15599.99,GH-MOI-00378,https://admin.shopify.com/store/vbvidr-u9/products/9920769032440,930-ct-certified-pear-cut-champagne-moissanite-solitaire-ring-in-gold-vermeil,9.3ct DEW Champagne Moissanite Pear Solitaire Ring,https://gemhub.in/products/93-ct-champagne-moissanite-pear-solitaire-ring-925-sterling-silver-gold-vermeil
9920683180280,9.45 ct DEW Radiant Cut Moissanite Solitaire Ring in Gold Vermeil Mother's Day,Rings,Yes,1,15599.99,15599.99,GH-MOI-00497,https://admin.shopify.com/store/vbvidr-u9/products/9920683180280,945-ct-radiant-cut-moissanite-solitaire-ring-in-gold-vermeil-mothers-day,9.45 ct DEW Certified Radiant Cut Moissanite Solitaire Ring in Gold Vermeil,https://gemhub.in/products/945-ct-certified-radiant-cut-moissanite-solitaire-ring-in-gold-vermeil
9920684261624,9.50 ct DEW EGL Certified Asscher Cut Off White Moissanite Gold Vermeil Ring,Rings,Yes,1,15599.99,15599.99,GH-MOI-00481,https://admin.shopify.com/store/vbvidr-u9/products/9920684261624,950-ct-egl-certified-asscher-cut-off-white-moissanite-gold-vermeil-ring,9.5ct DEW White Moissanite Asscher Solitaire Ring,https://gemhub.in/products/95-ct-white-moissanite-asscher-solitaire-ring-925-sterling-silver-gold-vermeil
9920762544376,9.85 ct DEW Certified White Moissanite Solitaire Ring Gold Vermeil For Her,Rings,Yes,1,15599.99,15599.99,GH-MOI-00407,https://admin.shopify.com/store/vbvidr-u9/products/9920762544376,985-ct-certified-white-moissanite-solitaire-ring-gold-vermeil-for-her,9.85 ct DEW Certified White Moissanite Ring In Gold Vermeil– Rare Wedding Gift Idea,https://gemhub.in/products/9-85-ct-certified-white-moissanite-ring-in-gold-vermeil-rare-wedding-gift-idea
9920685146360,Certified 10 ct DEW Emerald Cut Blue Moissanite Solitaire In Gold Vermeil Ring,Rings,Yes,1,15599.99,15599.99,GH-MOI-00467,https://admin.shopify.com/store/vbvidr-u9/products/9920685146360,certified-10-ct-emerald-cut-blue-moissanite-solitaire-in-gold-vermeil-ring,,
9920684785912,Certified 13.30 ct DEW Cushion Cut Blue Moissanite Solitaire Ring Gold Vermeil,Rings,Yes,1,23999.99,23999.99,GH-MOI-00473,https://admin.shopify.com/store/vbvidr-u9/products/9920684785912,certified-1330-ct-cushion-cut-blue-moissanite-solitaire-ring-gold-vermeil,13.3ct DEW Blue Moissanite Cushion Solitaire Ring,https://gemhub.in/products/133-ct-blue-moissanite-cushion-solitaire-ring-925-sterling-silver-gold-vermeil
9920686031096,Certified 16.10 ct DEW Radiant Cut White Moissanite Solitaire Ring In Gold Vermeil,Rings,Yes,1,15599.99,15599.99,GH-MOI-00452,https://admin.shopify.com/store/vbvidr-u9/products/9920686031096,certified-1610-ct-radiant-cut-white-moissanite-solitaire-ring-in-gold-vermeil,16.1ct DEW White Moissanite Radiant Solitaire Ring,https://gemhub.in/products/161-ct-white-moissanite-radiant-solitaire-ring-925-sterling-silver-gold-vermeil
9920769229048,Certified 3.20 ct DEW Blue Moissanite Solitaire Engagement Ring In Gold Vermeil,Rings,Yes,1,15599.99,15599.99,GH-MOI-00377,https://admin.shopify.com/store/vbvidr-u9/products/9920769229048,certified-320-ct-blue-moissanite-solitaire-engagement-ring-in-gold-vermeil,,
9920759660792,Certified 3.45 ct DEW Round Cut Champagne Moissanite Solitaire Ring in Gold Vermeil,Rings,Yes,1,15599.99,15599.99,GH-MOI-00421,https://admin.shopify.com/store/vbvidr-u9/products/9920759660792,certified-345-ct-round-cut-champagne-moissanite-solitaire-ring-in-gold-vermeil,3.45ct DEW Champagne Moissanite Round Solitaire Ring,https://gemhub.in/products/345-ct-champagne-moissanite-round-solitaire-ring-925-sterling-silver-gold-vermeil
9920758350072,Certified 4.15 ct DEW Princess Cut White Solitaire Moissanite Gold Vermeil Ring,Rings,Yes,1,15599.99,15599.99,GH-MOI-00427,https://admin.shopify.com/store/vbvidr-u9/products/9920758350072,certified-415-ct-princess-cut-white-solitaire-moissanite-gold-vermeil-ring,4.15ct DEW White Moissanite Princess Solitaire Ring,https://gemhub.in/products/415-ct-white-moissanite-princess-solitaire-ring-925-sterling-silver-gold-vermeil
9920763986168,Certified 4.30 ct DEW Round Cut White Moissanite Solitaire Gold Vermeil Ring,Rings,Yes,1,15599.99,15599.99,GH-MOI-00399,https://admin.shopify.com/store/vbvidr-u9/products/9920763986168,certified-430-ct-round-cut-white-moissanite-solitaire-gold-vermeil-ring,,
9920683835640,Certified 4.70 ct DEW Champagne Emerald Cut Moissanite Solitaire Ring Gold Vermeil,Rings,Yes,1,15599.99,15599.99,GH-MOI-00488,https://admin.shopify.com/store/vbvidr-u9/products/9920683835640,certified-470-ct-champagne-emerald-cut-moissanite-solitaire-ring-gold-vermeil,4.7ct DEW Champagne Moissanite Emerald Solitaire Ring,https://gemhub.in/products/47-ct-champagne-moissanite-emerald-solitaire-ring-925-sterling-silver-gold-vermeil
9920686588152,Certified 4.80 ct DEW Round Cut White Moissanite Solitaire Gold Vermeil Ring,Rings,Yes,1,15599.99,15599.99,GH-MOI-00444,https://admin.shopify.com/store/vbvidr-u9/products/9920686588152,certified-480-ct-round-cut-white-moissanite-solitaire-gold-vermeil-ring,Certified 4.80 ct DEW Round Cut White Moissanite Solitaire Statement Ring 18K Gold Plat 18K Gold Plated,https://gemhub.in/products/certified-4-80-ct-round-cut-white-diamond-solitaire-statement-ring-18k-gold-plat
9920682295544,Certified 4.80 ct DEW White Moissanite Solitaire Statement Ring Gold Vermeil,Rings,Yes,1,15599.99,15599.99,GH-MOI-00506,https://admin.shopify.com/store/vbvidr-u9/products/9920682295544,certified-480-ct-white-moissanite-solitaire-statement-ring-gold-vermeil,4.80 ct DEW Certified White Moissanite Solitaire Ring in – Gift for Him 18K Gold Plated,https://gemhub.in/products/4-80-ct-certified-white-diamond-solitaire-ring-in-gift-for-him-18k-gold-plated
9920759464184,Certified 5 ct DEW Round White Solitaire Moissanite Solitaire Ring in Gold Vermeil,Rings,Yes,1,15599.99,15599.99,GH-MOI-00422,https://admin.shopify.com/store/vbvidr-u9/products/9920759464184,certified-5-ct-round-white-solitaire-moissanite-solitaire-ring-in-gold-vermeil,5.00 ct DEW White Round Cut Treated Moissanite Ring in Certified Beauty 18K Gold Plated,https://gemhub.in/products/5-00-ct-white-round-cut-treated-diamond-ring-in-certified-beauty-18k-gold-plated
9920769687800,Certified 5.00 ct DEW Round Cut White Round Moissanite Solitaire Ring Gold Vermeil,Rings,Yes,1,15599.99,15599.99,GH-MOI-00375,https://admin.shopify.com/store/vbvidr-u9/products/9920769687800,certified-500-ct-round-cut-white-round-moissanite-solitaire-ring-gold-vermeil,5.00 ct DEW White Round Cut Treated Moissanite Ring in Certified Beauty 18K Gold Plated,https://gemhub.in/products/5-00-ct-white-round-cut-treated-diamond-ring-in-certified-beauty-18k-gold-plated
9920683213048,Certified 5.30 ct DEW Moissanite Solitaire Ring In Gold Vermeil Christmas Gift,Rings,Yes,1,15599.99,15599.99,GH-MOI-00496,https://admin.shopify.com/store/vbvidr-u9/products/9920683213048,certified-530-ct-moissanite-solitaire-ring-in-gold-vermeil-christmas-gift,,
9920681738488,Certified 5.40 ct DEW White Moissanite Solitaire Proposal Ring for Her Gold Vermeil,Rings,Yes,1,15599.99,15599.99,GH-MOI-00512,https://admin.shopify.com/store/vbvidr-u9/products/9920681738488,certified-540-ct-white-moissanite-solitaire-proposal-ring-for-her-gold-vermeil,,
9920767557880,Certified 5.50 ct DEW White Round Cut Moissanite Solitaire Gold Vermeil Ring,Rings,Yes,1,15599.99,15599.99,GH-MOI-00385,https://admin.shopify.com/store/vbvidr-u9/products/9920767557880,certified-550-ct-white-round-cut-moissanite-solitaire-gold-vermeil-ring,RARE 5.50 ct DEW Off White Treated Round Moissanite Ring in Certified 18K Gold Plated V 18K Gold Plated,https://gemhub.in/products/rare-5-50-ct-off-white-treated-round-diamond-ring-in-certified-18k-gold-plated-v
9920684032248,Certified 6.30 ct DEW Asscher Cut Blue Moissanite Solitaire Ring Gold Vermeil,Rings,Yes,1,15599.99,15599.99,GH-MOI-00484,https://admin.shopify.com/store/vbvidr-u9/products/9920684032248,certified-630ct-asscher-cut-blue-moissanite-solitaire-ring-gold-vermeil,6.30 ct DEW Certified Blue Moissanite Asscher Cut Ring – Christmas Gift in 18K Gold Pla 18K Gold Plated,https://gemhub.in/products/6-30-ct-certified-blue-diamond-asscher-cut-ring-christmas-gift-in-18k-gold-pla
9920760840440,Certified 6.40 ct DEW Oval Cut White Moissanite Solitaire Ring In Gold Vermeil,Rings,Yes,1,15599.99,15599.99,GH-MOI-00415,https://admin.shopify.com/store/vbvidr-u9/products/9920760840440,certified-640-ct-oval-cut-white-moissanite-solitaire-ring-in-gold-vermeil,6.4ct DEW White Moissanite Oval Solitaire Ring,https://gemhub.in/products/64-ct-white-moissanite-oval-solitaire-ring-925-sterling-silver-gold-vermeil
9920761889016,Certified 6.70 ct DEW Round Cut White Moissanite Solitaire Ring in Gold Vermeil,Rings,Yes,1,15599.99,15599.99,GH-MOI-00410,https://admin.shopify.com/store/vbvidr-u9/products/9920761889016,certified-670-ct-round-cut-white-moissanite-solitaire-ring-in-gold-vermeil,6.70ct DEW White Moissanite Round Solitaire Ring | 18K Gold Vermeil | GRA Certified,https://gemhub.in/products/670-certified-round-cut-white-moissanite-solitaire-ring-in-gold-vermeil
9920687145208,Certified 7.10 ct DEW Round Cut Champagne Moissanite Men's Ring in Gold Vermeil,Rings,Yes,1,15599.99,15599.99,GH-MOI-00435,https://admin.shopify.com/store/vbvidr-u9/products/9920687145208,certified-710-ct-round-cut-champagne-moissanite-mens-ring-in-gold-vermeil,7.1ct DEW Champagne Moissanite Round Solitaire Ring,https://gemhub.in/products/71-ct-champagne-moissanite-round-solitaire-ring-925-sterling-silver-gold-vermeil
9920683704568,Certified 9.25 ct DEW White Moissanite Emerald Cut Solitaire Gold Vermeil Ring,Rings,Yes,1,15599.99,15599.99,GH-MOI-00491,https://admin.shopify.com/store/vbvidr-u9/products/9920683704568,certified-925-ct-white-moissanite-emerald-cut-solitaire-gold-vermeil-ring,9.25ct DEW White Moissanite Emerald Solitaire Ring,https://gemhub.in/products/925-ct-white-moissanite-emerald-solitaire-ring-925-sterling-silver-gold-vermeil
9920760250616,Certified 9.80 ct DEW Round Cut White Moissanite Solitaire Ring In Gold Vermeil,Rings,Yes,1,15599.99,15599.99,GH-MOI-00418,https://admin.shopify.com/store/vbvidr-u9/products/9920760250616,certified-980-ct-round-cut-white-moissanite-solitaire-ring-in-gold-vermeil,9.8ct DEW White Moissanite Round Solitaire Ring,https://gemhub.in/products/98-ct-white-moissanite-round-solitaire-ring-925-sterling-silver-gold-vermeil
9920758153464,Certified 9.90 ct DEW Round Cut White Moissanite Solitaire Ring In Gold Vermeil,Rings,Yes,1,15599.99,15599.99,GH-MOI-00428,https://admin.shopify.com/store/vbvidr-u9/products/9920758153464,certified-990-ct-round-cut-white-moissanite-solitaire-ring-in-gold-vermeil,9.9ct DEW White Moissanite Round Solitaire Ring,https://gemhub.in/products/99-ct-white-moissanite-round-solitaire-ring-925-sterling-silver-gold-vermeil
9920682328312,Emerald Cut Halo Engagement Ring,Rings,No,1,12999.99,12999.99,GH-MOI-00505,https://admin.shopify.com/store/vbvidr-u9/products/9920682328312,870-ct-blue-moissanite-asscher-cut-solitaire-ring-gold-vermeil-ring-for-fiance,,
9920765100280,Moissanite 10.10 ct DEW Certified Round Cut White Moisanite Solitaire Men Ring In Gold Vermeil,Rings,Yes,1,15599.99,15599.99,GH-MOI-00395,https://admin.shopify.com/store/vbvidr-u9/products/9920765100280,1010-ct-certified-round-cut-white-moisanite-solitaire-men-ring-in-gold-vermeil,10.10ct DEW White Moissanite Round Solitaire Ring,https://gemhub.in/products/1010-ct-certified-round-cut-white-moissanite-solitaire-ring-in-gold-vermeil
9920682459384,Moissanite 4.55 ct DEW Certified Round Cut White Moisanite Solitaire Ring For Mom Gold Vermeil,Rings,Yes,1,15599.99,15599.99,GH-MOI-00503,https://admin.shopify.com/store/vbvidr-u9/products/9920682459384,455-ct-certified-round-cut-white-moisanite-solitaire-ring-for-mom-gold-vermeil,4.55 ct DEW Round Cut Off White Moissanite Solitaire Ring in – Certified 18K Gold Plate 18K Gold Plated,https://gemhub.in/products/4-55-ct-round-cut-off-white-diamond-solitaire-ring-in-certified-18k-gold-plate
9920681541880,Moissanite 6.20 ct DEW Certified Radiant Cut Moisanite Gold Vermeil Ring Birthday Gift for Her,Rings,Yes,1,15599.99,15599.99,GH-MOI-00515,https://admin.shopify.com/store/vbvidr-u9/products/9920681541880,620-ct-certified-radiant-cut-moisanite-gold-vermeil-ring-birthday-gift-for-her,,
9920683475192,Moissanite 6.70 ct DEW Certified Champagne Moisanite Solitaire in Gold Vermeil Engagement Ring,Rings,Yes,1,15599.99,15599.99,GH-MOI-00493,https://admin.shopify.com/store/vbvidr-u9/products/9920683475192,670-ct-certified-champagne-moisanite-solitaire-in-gold-vermeil-engagement-ring,6.70 ct DEW Champagne Moissanite Ring in – Unique Wedding Gift Idea 18K Gold Plated Ver 18K Gold Plated,https://gemhub.in/products/6-70-ct-champagne-diamond-ring-in-unique-wedding-gift-idea-18k-gold-plated-ver
9920769458424,Moissanite Certified 8.50 ct DEW Round CutBlue Moisanite Round Cut Solitaire Ring Gold Vermeil,Rings,Yes,1,15599.99,15599.99,GH-MOI-00376,https://admin.shopify.com/store/vbvidr-u9/products/9920769458424,certified-850-ct-round-cutblue-moisanite-round-cut-solitaire-ring-gold-vermeil,8.50 ct DEW Round Cut Blue Treated Moissanite Solitaire Ring in WOW 18K Gold Plated Ver 18K Gold Plated,https://gemhub.in/products/8-50-ct-round-cut-blue-treated-diamond-solitaire-ring-in-wow-18k-gold-plated-ver
